login_frequency,failed_login_attempts,time_since_last_login,hour_of_login,account_age_days,role_encoded,is_weekend,risk_label
6,5,0,21,70,2,1,0
19,3,60,11,17,1,0,0
14,4,13,10,20,2,0,0
10,4,51,19,315,2,1,1
7,8,5,21,69,0,0,1
6,0,9,23,215,2,0,0
18,1,70,18,161,2,0,0
10,5,89,1,102,2,1,1
10,4,29,21,206,1,1,0
3,6,20,19,145,1,0,1
7,2,59,0,57,0,0,0
2,2,80,7,83,2,1,0
1,9,73,13,269,1,1,1
11,1,62,8,187,0,1,0
5,2,41,1,6,2,0,0
1,9,50,22,353,0,0,1
0,0,63,4,350,0,0,0
11,4,75,22,110,0,1,1
11,4,55,7,138,0,1,1
16,6,79,15,51,0,1,1
9,3,40,21,51,0,1,1
15,2,31,15,87,0,1,0
14,0,14,12,68,2,0,0
14,7,61,19,84,2,0,1
18,2,26,14,42,0,0,0
11,1,27,0,219,2,1,0
19,3,80,21,57,0,0,1
2,2,63,2,226,2,1,0
4,0,58,5,196,1,0,0
18,2,57,21,248,0,0,0
6,1,1,13,166,1,1,0
8,7,35,3,62,0,0,1
6,5,70,17,263,0,0,1
17,8,12,14,112,1,0,1
3,7,14,8,253,1,0,1
13,9,88,17,199,1,0,1
17,2,86,2,178,0,0,0
8,4,59,9,26,1,0,1
1,6,21,16,246,1,1,1
19,4,62,6,19,2,0,1
14,7,89,14,265,2,1,1
6,4,74,0,317,1,0,1
11,0,73,10,20,1,1,0
7,4,24,16,106,1,1,0
14,3,47,4,237,1,0,1
2,5,42,6,306,2,1,1
13,2,37,18,246,0,1,0
16,4,40,23,81,1,0,1
3,1,44,14,150,1,1,0
17,5,87,2,10,2,0,1
7,5,39,14,321,1,1,1
3,4,16,4,224,1,1,1
1,5,87,22,264,2,1,1
5,6,56,11,149,1,1,1
9,4,1,19,278,1,0,0
3,0,61,4,274,2,0,0
17,7,87,2,194,0,0,1
11,3,8,8,172,1,0,0
1,8,67,8,265,1,0,0
9,9,80,6,310,0,1,1
3,5,16,1,26,2,0,1
13,0,49,22,350,0,1,0
15,2,39,22,356,1,0,0
14,2,57,20,26,0,0,0
7,9,74,15,34,2,0,1
13,3,84,8,264,1,0,1
7,5,20,12,138,2,1,0
15,6,17,18,304,2,0,1
12,9,54,19,183,0,1,1
17,3,28,16,363,0,1,0
14,5,23,5,242,2,0,1
12,0,73,3,54,2,1,0
8,7,16,0,168,1,1,1
14,6,17,17,119,2,0,1
12,8,41,18,143,2,1,1
0,2,83,8,81,0,0,0
6,1,44,12,245,2,0,0
8,0,81,7,352,2,1,0
0,2,16,22,358,0,1,0
11,4,72,12,62,1,1,1
7,1,13,14,46,0,1,0
10,2,48,10,87,0,1,0
18,3,28,11,99,2,1,0
16,6,3,13,295,2,1,1
7,2,81,3,53,1,0,0
2,8,19,0,192,2,0,1
2,7,46,23,80,1,0,1
0,3,8,3,16,1,1,0
4,0,76,18,360,1,1,0
9,0,78,8,326,1,1,0
6,0,26,9,194,2,0,0
8,0,14,3,141,0,0,0
6,7,18,19,108,0,0,1
8,2,89,8,303,2,1,0
7,5,51,12,265,2,0,1
11,2,25,11,290,1,0,0
1,4,88,10,209,2,1,1
0,6,25,11,165,0,0,1
15,1,25,17,342,2,0,1
4,5,45,11,320,2,0,1
2,5,48,15,152,1,1,1
11,2,81,4,290,1,0,0
7,5,52,19,268,1,1,1
2,9,2,11,151,1,1,1
0,9,65,20,207,0,0,1
2,4,41,10,255,2,0,1
4,1,18,8,353,2,1,0
14,8,16,17,141,1,1,1
13,7,32,2,343,0,1,1
2,2,75,19,358,0,1,0
0,7,48,16,96,2,1,1
4,8,55,13,227,1,0,1
13,2,62,0,193,2,1,0
6,2,2,16,303,2,0,0
8,1,48,7,314,0,1,0
14,7,54,4,118,0,0,1
14,9,25,4,5,2,1,1
9,0,71,8,352,1,0,0
12,7,51,2,243,1,0,1
18,6,6,18,21,2,1,1
6,6,45,22,152,2,1,1
16,2,45,8,128,1,0,0
19,0,15,21,124,1,0,0
3,3,23,17,146,1,0,0
4,8,60,15,277,2,1,1
6,4,53,0,310,0,1,1
12,0,61,1,152,1,1,0
14,4,0,13,360,1,1,0
10,7,48,13,111,1,0,1
3,7,24,0,116,2,1,1
12,4,9,15,188,0,1,0
6,8,79,14,57,0,1,1
18,0,15,14,251,1,1,0
1,3,57,11,150,2,1,1
9,2,71,15,162,0,0,0
12,1,28,13,120,2,1,0
5,7,5,23,70,0,0,1
11,6,15,14,351,1,1,1
11,8,19,22,99,2,1,1
19,1,79,14,167,1,1,0
10,3,70,18,298,0,1,1
6,5,77,7,151,0,0,0
0,2,42,1,326,1,0,0
0,7,25,1,2,0,1,1
19,2,89,9,152,1,0,0
12,1,77,2,65,1,0,0
8,2,70,22,326,1,1,0
2,5,32,16,69,0,0,1
6,1,25,7,121,2,0,0
5,7,44,22,109,1,1,1
7,0,83,3,316,2,1,0
8,6,62,13,247,0,0,1
4,1,66,20,93,0,1,0
0,9,51,9,268,2,1,1
18,5,67,0,103,1,1,1
9,1,25,3,112,0,0,0
11,1,74,0,321,1,1,0
14,9,1,16,304,1,1,1
8,7,13,16,344,2,0,1
19,1,29,6,62,0,0,0
16,6,48,22,300,2,0,1
16,2,11,19,136,0,0,0
19,7,89,14,55,2,0,1
11,6,43,12,108,0,1,1
6,7,32,1,303,0,0,1
1,6,12,18,258,0,1,1
2,5,77,23,253,1,0,1
16,6,87,12,222,1,1,1
4,4,25,23,167,2,1,0
16,6,20,10,160,2,0,1
16,0,27,21,166,0,0,0
16,0,47,14,205,0,0,0
1,8,39,9,267,1,0,1
1,4,65,8,138,1,0,1
4,4,72,8,346,1,0,1
0,2,86,19,248,2,1,0
0,4,78,0,55,1,1,0
18,2,76,16,209,2,1,0
1,8,22,11,17,1,1,1
11,8,80,9,68,1,1,1
5,5,47,4,133,0,0,1
3,0,1,17,188,2,0,0
10,6,83,14,308,1,1,1
16,6,19,5,138,0,1,1
5,9,58,6,174,2,0,1
4,9,45,16,97,2,0,1
19,3,2,5,171,1,0,0
1,7,54,7,154,2,0,1
5,5,11,11,183,0,1,0
10,3,39,20,242,0,1,1
15,3,65,13,304,2,0,1
15,1,77,11,285,0,0,0
0,1,15,22,27,2,1,0
8,3,82,9,360,0,1,1
5,4,33,21,60,2,1,0
15,7,43,19,202,2,0,1
2,5,5,14,250,2,1,0
19,3,76,6,362,0,0,1
3,6,63,8,69,2,0,0
18,7,21,9,21,2,0,1
2,1,17,9,152,1,1,0
18,6,11,15,102,1,1,1
19,1,51,6,95,2,0,0
6,1,50,4,361,1,1,0
19,7,70,22,229,2,0,1
8,1,47,2,125,1,1,0
0,8,18,17,258,0,0,1
7,0,5,10,322,0,0,0
6,8,83,14,236,2,1,1
17,0,26,20,162,2,1,0
7,9,52,19,42,0,0,1
0,9,47,4,276,0,1,1
10,1,6,23,353,1,0,0
17,5,58,11,68,2,0,1
9,5,68,3,173,0,0,1
2,0,10,14,331,0,0,0
6,6,14,8,125,2,0,1
15,7,63,6,170,1,0,1
15,1,2,9,47,1,0,0
19,7,68,22,261,1,0,1
16,8,22,12,217,1,1,1
1,5,52,7,305,0,1,1
0,4,36,11,124,2,0,1
15,8,8,21,293,2,0,1
11,8,14,23,162,0,0,1
4,0,2,18,201,0,1,0
4,2,69,0,275,0,0,0
8,8,16,15,206,2,0,1
8,1,25,21,40,2,0,0
2,3,20,16,273,2,1,0
18,3,71,17,188,1,1,1
15,1,20,10,355,0,1,0
15,2,10,17,93,0,0,0
2,2,37,6,42,0,0,0
19,0,71,17,107,2,1,0
0,5,87,7,328,0,0,1
19,7,34,5,65,0,1,1
10,2,13,6,309,1,1,0
16,4,13,22,135,2,0,0
7,0,9,21,24,0,0,0
3,9,11,9,28,2,0,1
5,6,37,10,62,2,0,1
7,9,33,12,273,2,1,1
19,0,40,8,229,1,1,0
2,8,9,6,20,2,1,1
15,7,16,8,3,2,1,1
2,6,16,12,218,2,1,1
17,9,66,2,307,0,1,1
13,6,61,2,136,1,0,1
17,4,0,0,3,0,1,1
1,4,11,20,193,1,0,0
2,4,3,19,73,1,0,0
15,0,41,1,361,2,1,0
8,7,12,2,118,2,1,1
3,0,84,14,154,0,0,0
0,3,85,23,209,1,0,1
3,8,3,5,34,2,1,1
0,8,81,12,137,2,1,1
13,4,68,20,318,2,0,1
15,3,18,0,120,2,1,0
19,2,1,19,115,0,1,0
7,2,11,18,13,0,1,0
6,4,80,0,69,2,1,1
2,9,73,20,333,2,1,1
16,0,5,21,257,2,0,0
0,4,7,1,89,2,1,1
15,5,50,14,47,2,1,1
11,6,10,13,260,1,0,1
18,8,62,18,228,1,0,1
13,2,56,10,180,1,1,0
5,1,11,14,10,1,1,0
5,2,72,5,284,2,0,0
12,8,1,19,126,1,1,1
18,6,7,8,134,1,1,1
7,8,10,4,155,0,1,1
1,1,52,19,248,1,0,0
0,4,9,1,140,1,1,1
14,3,84,5,318,2,1,0
0,1,83,17,176,1,0,0
4,8,7,22,323,1,1,1
15,8,35,18,174,2,1,1
18,5,75,8,74,1,1,1
3,5,13,20,351,2,1,0
2,7,53,23,143,1,0,1
16,5,84,5,292,0,0,0
16,0,85,13,112,0,1,0
11,3,20,23,206,1,1,0
13,6,49,12,131,0,1,1
5,1,38,10,110,2,1,0
2,8,19,11,67,1,0,0
8,7,87,18,86,2,0,1
4,7,86,18,275,0,0,1
16,6,6,20,227,2,1,0
13,3,8,18,325,0,1,0
2,1,0,23,10,0,1,0
0,2,25,12,355,0,0,0
19,5,37,13,288,2,0,1
0,4,37,23,112,0,0,1
2,7,60,17,24,1,0,1
17,5,43,11,291,0,0,1
9,5,85,3,339,1,1,0
2,0,43,9,326,1,1,1
7,3,73,16,168,1,1,1
13,4,61,3,109,1,0,1
17,2,5,11,190,2,1,0
14,8,16,12,355,1,1,1
1,0,50,3,196,0,0,0
9,5,37,9,33,1,0,1
1,5,23,2,205,0,0,1
16,9,50,14,312,2,1,1
7,4,9,1,182,1,0,1
0,4,71,16,147,0,1,1
8,9,20,5,268,2,1,1
10,4,69,7,11,2,0,1
15,5,84,2,70,0,1,1
6,7,56,17,256,1,0,1
9,1,38,21,219,2,0,0
2,5,87,0,297,0,1,1
17,0,32,15,362,1,1,0
12,3,58,6,259,2,1,1
6,9,17,2,3,0,0,1
3,2,55,22,84,2,1,0
12,8,56,3,156,2,0,1
19,2,75,8,151,0,0,0
0,5,47,4,176,2,1,1
7,0,41,18,195,0,1,0
13,5,26,14,107,1,1,0
15,3,73,7,134,0,1,1
13,7,51,5,276,1,0,1
11,8,41,17,352,2,1,1
18,3,31,18,155,0,0,1
14,9,25,23,277,0,1,0
1,9,24,14,236,0,1,1
1,5,74,6,240,0,1,1
18,0,22,9,13,1,0,0
16,3,56,5,342,1,1,1
19,6,51,13,35,2,0,1
9,0,86,16,47,2,1,0
5,7,30,8,214,2,1,1
14,9,63,18,146,2,0,1
10,5,70,4,159,0,0,1
4,4,32,22,125,1,1,1
0,9,84,6,110,1,1,1
7,8,1,18,37,1,0,1
11,1,17,19,277,1,1,0
11,4,46,6,14,2,0,1
4,5,32,23,347,0,1,1
6,6,83,1,232,1,0,1
3,4,34,22,316,0,0,1
5,8,50,15,124,0,0,1
12,0,17,12,279,0,0,0
19,6,87,7,111,0,0,1
14,9,71,5,124,1,1,1
2,6,29,5,30,1,1,1
7,3,43,8,115,1,1,0
19,8,52,3,90,2,1,1
15,4,9,10,212,1,1,0
12,3,86,4,38,2,1,1
17,6,51,16,83,2,1,1
9,3,48,19,27,2,1,0
18,2,10,6,217,1,1,0
16,8,65,14,360,1,0,1
18,7,57,14,215,1,0,1
4,0,89,13,221,2,1,0
8,6,35,12,15,2,0,1
11,8,32,10,259,0,1,1
0,7,46,12,266,2,0,1
0,7,12,21,120,2,0,1
14,5,39,23,128,1,0,1
1,3,88,8,211,0,1,1
15,7,67,9,11,0,1,1
7,2,41,3,176,0,1,0
12,8,18,16,133,1,1,1
0,1,81,13,325,0,0,0
15,1,18,23,320,0,1,0
6,6,57,17,14,1,0,1
4,9,22,10,50,0,1,1
2,3,53,15,72,2,0,1
11,9,79,0,69,2,0,1
15,7,64,6,16,2,0,1
18,8,11,9,334,2,0,0
4,6,23,8,357,2,1,0
13,4,33,2,56,2,1,1
4,7,52,21,105,2,0,0
14,3,7,22,132,2,1,0
16,1,17,13,48,2,1,0
13,5,56,14,248,1,0,1
19,8,4,1,273,1,1,1
4,0,25,23,111,2,1,0
11,9,29,13,326,1,1,1
15,6,53,15,336,1,0,1
15,9,12,6,349,2,1,1
6,8,82,3,38,2,0,1
3,9,28,17,357,1,0,1
0,8,2,23,240,2,0,1
4,9,89,4,318,2,1,1
9,2,57,5,121,2,1,1
4,4,75,6,48,2,1,1
3,7,1,14,10,1,0,0
1,7,74,0,233,0,1,1
19,3,27,23,36,1,0,0
9,0,81,3,4,0,1,0
18,0,76,0,44,0,0,0
0,3,85,10,56,0,1,1
4,5,75,17,42,1,1,1
12,7,1,13,255,1,1,1
3,5,6,21,228,1,0,0
15,8,25,10,114,1,0,0
15,8,89,9,237,1,1,1
1,1,87,16,174,0,0,0
16,9,75,3,255,1,0,1
19,0,15,23,277,0,0,0
11,1,22,14,335,1,1,0
17,4,39,15,69,1,1,1
2,3,59,20,326,2,1,1
0,3,72,12,230,0,0,1
0,8,31,8,67,1,1,1
18,7,14,10,304,1,0,1
10,5,12,10,36,1,0,0
4,0,4,5,159,2,1,0
11,1,74,0,149,0,1,0
2,5,73,21,27,1,1,1
0,1,51,5,72,1,0,0
0,9,76,12,248,1,0,1
7,4,40,21,101,2,1,1
9,4,52,23,190,1,0,0
10,5,49,21,96,0,1,1
11,5,14,4,282,0,1,1
12,5,6,14,322,0,1,0
11,1,39,17,278,0,1,0
13,9,27,19,17,1,1,1
1,2,31,13,263,2,1,0
18,5,14,14,107,2,0,0
17,7,84,4,68,2,0,1
2,0,69,3,128,1,1,0
16,0,64,1,293,2,1,1
7,1,3,6,294,0,0,0
9,5,10,9,96,1,0,0
1,8,25,15,1,2,1,1
18,3,60,9,298,0,1,1
8,2,36,17,180,0,0,0
6,7,22,16,181,1,1,1
3,9,84,20,235,1,0,1
17,8,39,12,319,2,1,1
12,4,76,0,337,2,0,1
10,8,22,0,8,2,1,1
3,1,15,14,27,1,1,0
3,2,60,0,308,2,1,0
9,6,67,5,146,2,0,1
4,6,79,12,91,0,1,1
8,5,30,0,342,0,0,0
2,5,52,4,272,0,0,1
16,1,24,8,322,2,0,0
2,9,43,16,5,1,0,1
15,5,11,15,82,0,1,0
3,3,89,7,219,1,1,1
17,2,8,16,118,2,1,0
16,1,11,14,81,2,0,0
6,0,68,23,70,0,1,1
4,4,53,0,115,1,0,1
11,1,53,11,263,0,0,0
16,1,27,4,306,2,0,0
12,6,55,23,142,1,1,1
2,7,68,5,207,0,0,1
8,9,76,0,111,2,1,1
16,7,57,0,303,0,1,1
16,3,77,9,112,1,1,1
19,0,74,9,43,1,0,0
15,6,41,2,347,1,1,1
12,0,37,16,285,1,0,0
18,3,67,18,128,1,0,1
16,7,52,10,185,0,0,1
3,1,32,17,229,0,0,1
11,5,70,1,221,0,1,1
8,5,55,8,352,0,1,1
18,8,71,23,117,2,1,1
11,4,50,16,70,2,1,1
8,9,73,13,70,0,0,1
6,3,42,3,110,2,0,1
13,4,14,16,132,2,0,0
19,9,37,16,56,1,0,0
18,4,14,11,89,0,1,0
14,7,4,19,137,2,1,1
15,9,82,17,131,2,0,1
4,7,53,2,218,0,0,1
2,1,50,10,176,1,0,0
11,6,9,17,171,0,0,1
19,7,11,3,100,1,1,1
3,5,3,16,129,2,0,0
15,4,17,17,57,1,1,0
6,8,79,4,181,1,1,1
12,2,35,13,246,0,0,0
9,9,24,9,144,2,0,1
6,3,86,14,51,0,1,1
13,8,75,0,218,0,1,1
4,5,35,15,104,2,0,1
2,7,66,10,55,0,1,1
10,6,8,22,257,0,0,1
10,1,60,19,346,1,0,0
17,2,52,5,156,0,1,1
14,0,17,23,53,2,1,0
11,8,42,21,329,0,0,1
8,6,34,15,187,1,0,1
9,0,62,1,364,0,1,0
11,2,77,0,150,0,1,0
16,3,3,23,264,0,1,0
5,3,40,23,250,1,1,1
6,4,44,8,298,2,0,1
13,2,49,21,211,2,0,0
12,2,78,11,25,1,0,0
7,0,27,16,294,1,1,0
9,6,41,14,341,0,1,1
8,9,79,18,152,2,0,1
17,0,75,21,24,1,1,0
1,1,68,9,252,2,1,1
4,3,0,11,60,0,1,0
4,3,38,13,66,1,1,1
5,4,89,8,53,2,1,1
18,1,16,12,106,2,1,0
7,3,87,2,96,0,0,1
15,0,34,20,176,1,0,0
12,1,45,13,39,2,0,0
0,0,41,20,168,0,0,0
19,9,38,9,42,2,1,1
16,9,89,15,104,0,0,1
6,3,48,6,333,2,0,1
12,3,61,3,204,2,0,1
3,6,37,19,8,0,0,1
3,9,22,22,282,1,1,1
5,8,21,10,43,0,1,1
18,8,3,15,110,1,0,1
11,4,48,19,210,2,0,1
6,9,58,3,237,2,1,1
9,0,72,21,356,0,1,0
18,0,67,21,319,0,0,0
6,5,70,22,49,1,1,1
2,1,86,16,115,1,1,0
12,7,1,12,155,1,0,1
12,8,48,10,137,0,1,1
17,3,87,2,167,2,0,0
19,4,30,8,321,0,0,0
7,7,39,5,199,2,1,1
8,2,47,21,71,0,1,0
6,4,50,20,7,0,1,0
0,2,42,10,200,1,1,0
2,9,54,15,336,2,1,1
12,2,87,18,67,0,1,0
16,2,48,4,138,0,0,0
0,6,89,13,242,2,1,1
5,6,79,16,213,0,0,1
5,6,56,2,181,2,1,1
11,9,76,3,254,1,1,1
12,7,14,15,101,1,1,1
12,4,26,15,351,2,1,0
14,4,67,20,87,1,1,1
15,3,79,3,185,2,0,1
10,6,63,18,91,0,0,1
4,9,29,16,248,0,0,1
3,3,35,12,214,2,1,1
2,1,66,21,359,0,1,0
18,3,85,22,249,1,1,1
19,7,85,23,126,0,0,1
17,8,48,0,4,0,0,1
14,2,75,11,88,2,1,0
8,6,54,3,151,1,0,1
16,8,84,10,176,0,1,0
13,3,55,4,211,0,1,1
14,9,67,1,259,2,0,1
0,2,43,16,91,2,0,0
2,4,30,7,259,1,0,0
15,0,57,5,191,0,0,0
10,2,86,20,81,2,1,0
11,7,52,8,138,2,1,1
9,7,83,12,350,2,0,1
15,3,78,10,126,1,0,1
7,1,22,15,356,2,0,0
5,7,27,15,309,1,0,1
11,7,15,1,343,1,1,1
7,9,36,9,230,0,1,1
3,3,20,11,345,0,1,0
7,2,78,7,310,1,1,0
17,1,16,10,20,0,1,0
4,8,36,9,49,0,1,1
8,0,76,12,135,2,1,0
3,6,18,16,29,0,0,1
16,4,29,6,48,1,1,0
8,7,44,23,269,0,0,1
0,3,17,2,3,2,0,1
19,6,77,19,258,1,0,1
12,4,61,12,16,0,1,1
15,4,35,18,94,1,1,1
12,8,83,6,358,0,1,1
13,8,51,8,134,2,1,1
2,8,18,18,301,0,0,0
5,5,43,12,327,1,1,1
17,5,6,21,133,1,0,0
18,4,43,7,312,1,1,1
4,8,67,21,32,0,1,1
14,9,33,17,305,0,0,1
1,7,65,22,269,0,0,1
9,6,68,1,25,2,0,1
17,6,54,17,316,2,1,1
12,5,9,17,59,2,1,0
4,4,41,10,213,1,0,1
0,3,40,0,156,1,1,1
0,2,76,13,314,1,0,0
17,2,68,15,276,1,1,0
14,5,9,10,210,1,0,0
16,3,9,0,57,0,0,0
10,5,59,6,185,1,1,1
16,2,50,15,54,0,0,0
12,3,20,13,209,2,1,0
0,8,7,14,342,2,1,1
1,4,64,13,293,2,0,0
8,6,77,20,340,2,0,1
2,9,84,10,304,2,1,1
0,1,29,15,252,1,1,0
15,4,84,18,304,1,0,1
5,8,48,16,112,1,0,1
16,2,8,5,6,2,0,0
4,8,16,10,191,2,1,1
4,5,68,16,334,0,1,1
5,3,57,8,279,1,1,1
2,6,56,17,340,2,0,1
4,7,61,16,13,2,0,1
4,5,51,11,303,2,1,1
9,4,60,22,44,0,1,0
9,5,39,21,105,2,0,1
18,4,37,21,160,0,1,1
16,7,42,4,154,0,0,1
13,0,62,10,242,1,0,0
8,6,18,3,181,2,0,1
13,9,49,3,14,0,1,1
0,9,32,2,180,2,1,0
18,1,12,23,292,1,0,1
12,8,77,22,264,1,0,1
12,0,61,16,168,0,1,0
3,9,42,6,214,1,0,1
0,5,48,3,150,1,1,1
16,8,35,22,16,1,1,1
7,0,9,12,91,2,1,0
1,3,5,11,120,2,0,0
7,3,56,0,253,0,0,1
6,8,0,20,60,0,0,1
1,4,70,18,266,1,0,1
2,4,57,20,31,1,1,1
17,5,20,19,21,0,0,0
11,0,79,17,219,1,1,0
0,0,55,10,81,0,0,0
11,8,86,19,289,2,0,1
4,2,19,2,31,1,0,0
16,3,53,16,234,1,0,1
15,0,24,11,36,1,0,0
14,8,27,9,132,2,1,1
14,7,4,7,324,2,0,1
4,1,20,14,346,1,0,1
13,7,17,4,132,0,0,1
1,6,46,3,9,2,0,1
10,5,69,20,30,1,0,1
18,0,56,19,115,1,1,0
6,6,18,18,301,2,0,1
5,9,64,20,4,0,1,1
1,6,2,3,325,1,0,1
5,8,41,14,237,0,1,1
17,0,20,16,23,0,0,0
1,1,39,11,16,2,0,0
17,8,66,2,22,1,1,1
14,8,24,9,72,1,0,1
18,5,54,14,304,0,1,1
1,5,83,9,230,2,0,1
19,3,51,23,107,2,1,1
5,3,43,22,208,2,1,1
0,4,84,17,208,0,1,1
14,2,55,0,263,0,0,0
9,0,54,2,51,1,1,0
18,0,86,20,65,2,0,1
16,6,69,11,265,0,1,1
4,0,76,0,338,2,1,0
3,0,86,2,301,0,1,0
9,2,72,2,175,1,0,0
16,9,80,4,152,2,0,1
9,3,65,18,266,0,0,1
16,3,18,0,329,2,1,0
19,1,82,3,304,0,0,0
4,0,6,3,163,0,0,0
1,2,62,16,343,0,1,0
5,3,41,13,238,2,1,1
1,2,41,17,199,0,0,0
12,7,58,0,16,1,0,1
10,9,19,21,309,2,0,1
10,0,72,15,296,1,1,0
15,1,16,2,356,1,1,0
10,6,26,22,276,2,1,1
18,3,46,20,239,0,1,1
14,7,1,8,69,1,1,1
15,2,62,22,301,2,0,0
10,5,61,3,6,0,0,1
15,8,18,20,220,2,0,1
7,0,16,4,254,2,1,0
3,0,68,10,295,2,1,0
7,7,38,20,358,0,0,1
3,2,81,8,107,1,0,0
2,4,70,2,295,1,0,1
2,0,80,5,118,2,1,0
17,4,38,23,168,2,1,1
18,5,35,10,251,0,1,1
18,7,39,8,82,2,1,1
4,2,44,14,54,2,1,0
17,2,3,22,240,2,0,0
9,9,24,2,12,1,0,0
5,8,68,0,209,2,1,1
0,3,29,19,165,1,1,0
4,3,75,21,294,0,0,1
8,6,67,18,7,0,1,1
11,1,87,13,78,1,1,0
13,7,28,16,65,1,0,1
1,5,72,21,102,1,1,1
16,2,67,13,357,1,1,1
13,8,50,16,300,2,0,1
12,4,23,13,287,1,1,0
8,7,13,11,171,1,1,1
14,6,68,15,77,1,0,1
14,7,17,0,48,2,0,1
10,6,41,12,255,2,1,1
15,2,56,5,82,2,0,0
16,1,82,16,209,0,0,0
3,6,11,11,209,2,1,1
0,2,81,22,84,1,0,0
7,2,16,18,10,2,1,0
16,1,29,5,29,2,0,0
2,3,87,6,304,1,0,1
19,7,74,0,116,2,1,1
14,0,22,0,269,0,1,0
14,0,80,4,47,2,1,0
13,4,0,5,359,0,0,1
13,4,78,15,91,0,1,1
1,0,31,15,53,0,1,0
12,5,8,13,218,1,0,0
13,0,14,0,348,2,0,0
18,4,27,12,77,0,0,0
6,8,23,19,204,0,1,1
2,4,59,9,44,2,0,1
14,5,34,23,156,1,0,1
13,7,85,9,2,1,1,1
10,0,26,8,357,0,0,0
14,1,82,12,313,1,0,0
12,8,75,2,57,2,1,1
17,2,19,17,290,1,0,0
5,5,64,19,58,2,1,1
2,4,84,1,254,0,1,1
18,1,48,16,180,2,1,0
14,6,0,18,157,0,1,1
4,3,9,22,35,2,1,0
9,0,46,12,75,2,0,0
6,3,58,12,289,1,1,1
16,5,61,0,75,2,1,1
6,6,85,1,329,0,1,1
11,6,17,0,78,2,1,1
16,6,45,23,255,0,0,1
12,2,31,4,265,0,0,0
19,5,26,23,304,2,0,0
3,7,17,2,67,1,1,1
9,3,38,6,221,2,0,1
2,7,48,23,164,2,0,1
8,1,81,21,220,1,1,0
12,9,43,12,172,0,1,1
17,8,71,22,254,2,0,1
14,8,53,17,210,1,0,1
3,7,33,23,188,1,0,1
14,9,70,20,191,0,0,1
1,9,35,6,215,1,1,1
14,0,17,0,86,0,1,0
7,1,37,4,106,2,1,0
7,5,58,16,332,1,1,1
16,9,8,7,296,2,1,1
11,4,72,14,19,1,0,1
18,8,71,19,47,1,1,1
9,4,50,3,65,2,1,1
8,1,34,1,146,1,0,0
4,9,81,4,286,2,1,1
5,3,4,0,66,2,0,0
19,8,13,4,5,0,1,1
1,0,29,5,93,2,1,0
12,0,3,1,353,0,1,0
5,6,38,0,94,2,0,1
4,2,83,3,106,1,1,0
0,9,63,6,133,2,0,1
5,1,24,21,341,1,1,0
5,8,27,0,314,0,1,1
15,2,75,0,79,1,0,1
3,1,65,7,212,2,0,1
10,7,77,19,8,1,1,1
8,9,21,15,159,0,0,1
2,5,30,20,268,1,1,0
18,5,22,12,149,1,1,0
7,9,47,22,350,2,0,1
4,6,19,23,91,2,0,1
3,6,37,22,236,1,0,1
5,5,54,17,289,0,1,1
1,3,67,19,356,1,0,1
19,8,78,9,168,0,1,0
10,5,87,11,193,0,0,1
3,3,88,0,187,0,0,1
14,2,0,9,271,1,0,0
5,3,6,8,114,0,0,0
16,2,56,2,11,1,0,1
5,1,11,18,55,0,1,0
18,4,4,8,258,0,0,0
1,1,49,9,65,1,0,0
14,5,41,18,172,2,1,1
10,2,11,15,272,2,1,0
7,5,17,23,150,1,1,0
18,9,65,17,362,1,1,1
12,8,73,13,146,2,0,1
11,0,78,2,209,2,0,0
4,5,16,1,286,2,1,1
5,8,67,0,10,1,0,1
3,3,70,17,227,0,1,1
18,1,61,23,186,1,1,0
19,3,40,8,62,2,0,1
0,0,33,12,85,0,0,0
19,2,69,1,134,1,1,0
16,9,44,6,323,2,0,1
11,8,57,15,297,1,1,1
14,9,50,20,171,0,1,1
0,4,33,18,213,2,1,0
13,5,43,14,18,1,1,1
5,2,14,21,314,0,0,0
4,4,77,10,60,0,1,1
10,7,69,0,88,1,1,1
3,5,49,20,27,0,1,1
12,3,31,6,68,2,0,1
10,1,66,19,278,0,1,0
2,8,2,7,40,1,1,1
0,0,85,9,109,2,0,0
5,0,85,4,74,0,1,0
17,3,73,8,66,0,1,1
9,6,50,0,168,2,1,1
4,0,66,1,262,2,1,0
9,8,75,18,274,0,0,1
11,3,47,13,337,2,0,1
1,2,16,19,358,1,0,0
12,0,6,9,237,0,1,0
7,9,12,8,215,1,0,1
1,3,65,9,286,0,0,1
19,8,3,5,149,1,1,1
0,9,9,16,318,1,0,1
4,5,87,5,107,2,0,1
8,5,16,3,141,0,0,1
16,0,51,19,76,2,1,0
8,9,5,2,9,2,1,1
10,1,82,22,196,0,0,0
14,5,68,18,295,1,0,1
5,1,73,17,280,0,1,0
2,2,8,23,118,0,1,0
16,3,76,3,290,0,1,1
4,4,82,7,61,2,1,1
11,8,20,16,335,0,0,1
17,3,23,4,306,0,1,0
13,8,3,12,51,0,0,1
10,9,23,0,52,1,1,1
8,2,58,12,122,1,1,0
1,7,2,3,167,1,1,1
11,0,67,21,8,1,1,0
2,8,39,23,45,2,0,0
2,8,47,13,344,2,0,1
0,9,53,2,245,0,0,1
7,1,34,4,284,2,1,0
7,3,55,6,107,1,0,1
10,7,88,0,27,0,1,1
8,6,39,22,193,0,1,1
4,0,76,11,337,1,0,0
13,4,67,10,357,1,1,1
2,6,45,23,62,1,1,1
4,3,77,7,62,2,0,0
4,0,12,5,282,0,1,0
18,8,26,21,121,1,1,1
13,4,5,1,280,0,0,1
3,1,16,18,39,0,0,0
12,7,35,19,277,2,1,1
9,1,80,19,94,0,0,0
17,2,1,23,115,1,1,0
7,9,76,13,176,1,0,1
7,0,51,0,121,0,1,0
6,1,65,9,13,0,0,0
7,6,51,15,163,2,0,1
13,9,42,3,275,1,1,1
18,1,89,10,176,1,0,0
5,5,21,15,337,0,0,0
0,2,54,19,324,0,1,0
14,3,66,0,173,0,0,1
0,7,59,15,275,1,0,1
16,2,57,18,64,0,0,0
0,9,11,20,101,2,1,1
14,5,87,21,322,2,0,1
1,0,68,8,66,0,1,0
13,6,83,8,331,2,1,1
7,7,38,8,45,2,0,1
7,7,12,16,87,2,1,1
18,2,40,11,67,2,1,0
6,9,56,12,259,2,1,1
18,0,52,7,205,1,1,0
5,8,11,15,178,0,0,1
5,5,12,17,280,2,0,0
2,8,73,0,344,0,0,1
6,6,56,0,17,2,1,1
18,0,39,11,296,1,1,0
7,0,79,5,202,1,0,0
9,5,44,8,172,2,1,1
19,4,34,22,262,2,0,1
14,8,2,4,194,2,1,1
14,1,4,15,149,1,0,0
0,7,89,17,35,1,0,1
19,4,10,16,29,0,0,0
6,1,70,17,263,1,1,0
3,9,55,0,221,2,0,1
5,5,9,18,53,0,1,0
0,9,33,21,279,1,1,1
4,7,66,7,353,1,0,1
0,3,71,2,76,2,0,1
3,1,30,4,176,0,1,0
1,4,74,22,10,1,1,1
9,1,70,7,117,1,0,0
4,1,65,18,280,2,0,0
9,5,69,17,218,0,1,1
0,9,40,17,175,0,0,1
5,8,62,20,234,0,0,1
12,3,31,0,252,0,0,1
14,5,19,14,295,2,0,0
3,6,56,17,322,1,1,1
12,5,49,6,6,1,1,1
19,7,79,15,21,0,0,1
14,3,24,15,73,0,0,0
7,0,11,14,330,0,1,0
4,6,70,5,36,1,1,1
14,2,38,8,233,1,1,0
3,5,16,6,216,0,1,0
11,1,44,13,206,2,1,0
12,8,10,10,44,1,0,1
1,0,69,20,91,1,0,0
18,5,22,15,316,0,1,0
18,5,69,5,93,2,1,1
3,4,37,21,339,0,0,1
3,4,1,15,83,0,1,0
10,0,85,19,333,2,1,0
4,9,83,15,282,2,0,1
19,4,88,11,21,2,0,1
10,1,78,16,228,1,0,0
9,6,71,4,130,0,0,1
7,2,36,12,175,1,1,0
5,3,48,7,108,2,0,0
5,2,51,23,283,1,1,0
7,2,32,4,71,2,1,0
14,3,21,11,50,2,1,0
13,4,4,8,95,0,1,0
10,0,17,2,279,0,0,0
11,3,37,2,337,0,1,1
12,7,36,0,132,1,1,1
7,9,63,21,276,0,1,1
17,6,9,17,13,2,0,1
0,8,78,23,3,0,0,1
14,4,41,11,224,1,0,1
7,9,47,8,175,0,0,1
10,3,43,8,90,0,0,1
11,7,81,17,241,0,1,1
11,8,86,17,35,1,0,0
3,6,15,6,14,2,1,1
15,6,53,3,195,2,0,1
3,4,34,12,306,2,1,1
4,3,27,16,334,0,0,0
4,9,1,23,213,0,1,1
7,0,12,1,3,1,0,0
9,9,40,13,179,2,1,1
16,9,79,2,40,0,1,1
8,6,58,4,164,0,1,1
18,0,68,13,307,0,1,0
13,0,52,2,235,1,1,0
7,4,44,22,257,2,1,1
8,8,19,6,360,1,0,1
10,5,23,17,116,2,0,1
0,2,60,12,52,2,1,0
13,2,57,22,142,0,1,0
4,6,26,21,86,0,1,1
13,5,25,9,46,0,1,0
3,8,6,12,332,0,1,1
0,5,41,15,238,0,1,1
18,4,46,8,10,2,1,1
7,9,52,1,152,0,0,1
14,6,58,22,61,0,1,1
14,0,37,4,18,1,1,0
8,6,68,21,86,1,0,1
8,2,86,16,137,2,0,0
9,8,52,22,230,2,1,1
19,5,14,21,128,1,0,0
8,8,25,3,104,1,0,1
2,4,47,16,186,0,0,1
19,6,18,8,178,0,1,1
10,3,8,19,357,2,1,0
5,6,63,1,6,1,0,1
1,0,53,23,341,2,1,0
6,6,50,17,307,0,1,1
17,7,38,20,36,2,1,1
1,4,3,21,327,2,0,1
16,1,2,10,356,2,0,0
10,4,63,12,281,0,0,1
11,5,28,7,300,2,0,0
18,1,10,0,14,0,1,0
6,5,57,16,237,1,1,1
19,5,74,11,285,2,1,1
5,0,26,3,330,2,0,0
0,0,20,20,50,0,0,0
16,9,38,12,261,2,1,1
10,2,45,8,110,0,0,0
17,9,65,6,197,2,0,1
16,9,35,22,252,1,1,1
6,2,74,23,88,1,0,0
16,3,81,4,313,1,0,1
19,1,64,4,26,2,1,0
8,8,62,16,262,2,0,1
16,9,34,8,144,1,1,1
19,6,30,5,60,1,1,1
7,6,27,18,356,0,0,1
16,5,0,15,268,0,1,0
6,2,24,20,75,1,0,0
0,5,42,1,3,1,0,1
12,7,83,9,63,2,0,1
18,7,66,15,236,1,0,1
18,8,62,4,229,0,0,1
16,0,50,14,275,0,0,0
12,0,1,12,18,0,0,0
15,2,81,12,80,0,0,0
7,2,63,12,215,0,0,1
18,9,73,14,171,0,1,1
17,7,68,13,329,1,1,1
0,9,8,7,255,0,0,1
13,0,1,10,126,0,0,0
18,1,33,17,255,0,0,0
14,1,59,23,72,0,1,0
17,2,60,3,38,1,1,0
1,5,30,9,324,2,0,1
16,0,9,0,204,2,0,0
17,1,75,4,172,2,0,0
5,0,35,12,223,2,1,0
18,4,84,0,217,0,0,1
3,6,48,22,245,2,1,0
0,7,69,7,336,2,1,1
7,9,48,2,191,1,0,1
6,0,2,2,298,1,1,0
2,6,73,6,320,1,0,1
9,4,4,3,182,0,1,1
9,9,89,2,334,0,1,1
18,0,60,14,205,0,0,0
13,2,84,7,361,1,0,0
1,6,89,2,199,2,1,1
0,9,25,6,332,1,1,1
17,0,71,17,165,0,1,0
6,6,4,10,242,1,0,1
7,4,14,10,130,2,0,0
0,0,15,16,227,0,0,1
2,0,0,5,122,2,0,0
7,0,15,7,44,2,1,0
14,8,36,0,196,0,1,1
4,2,2,9,358,2,1,0
2,4,51,18,204,1,1,1
18,9,46,2,318,2,1,1
0,8,12,3,257,2,0,1
14,5,79,10,17,2,0,1
7,8,54,14,272,1,1,1
1,7,20,0,9,2,1,1
2,7,65,8,249,2,1,1
13,0,53,10,201,1,1,0
13,8,26,18,59,0,1,1
10,5,37,12,140,0,1,1
15,8,89,15,119,0,1,1
3,2,57,3,41,2,1,0
19,2,61,0,322,0,0,0
4,5,45,19,331,1,1,1
13,8,88,12,267,2,1,1
15,6,10,0,8,2,0,1
17,2,71,4,183,2,0,0
6,2,7,4,134,0,1,0
9,1,70,13,181,0,0,0
6,8,63,22,355,0,0,1
0,2,20,13,72,2,1,0
18,4,71,7,113,1,0,1
15,8,62,3,107,2,1,1
18,7,84,6,290,1,1,1
3,1,63,19,313,2,1,0
17,2,19,18,117,1,0,0
1,1,7,14,120,2,0,0
0,7,57,21,147,2,1,0
14,5,45,3,327,1,1,1
4,5,30,18,210,1,0,0
19,8,8,8,296,1,1,1
10,7,14,20,103,1,0,1
9,3,25,12,124,1,0,0
1,3,9,13,245,1,0,0
2,8,28,22,356,1,0,1
11,0,79,13,209,1,0,0
19,1,35,21,314,2,0,0
4,1,83,9,109,1,1,0
4,5,36,15,348,1,1,1
5,3,85,4,50,2,0,1
8,9,70,22,105,2,0,1
1,2,22,5,27,0,1,0
11,2,40,1,288,0,1,0
2,2,79,12,257,1,1,0
19,5,27,12,273,1,1,0
11,7,47,18,137,0,1,1
16,6,37,17,340,0,1,1
9,3,30,18,301,1,1,0
13,3,13,0,322,0,1,0
16,9,72,7,32,1,0,1
17,1,87,21,45,2,1,0
18,0,76,15,265,2,0,1
16,8,89,1,30,0,1,1
13,1,28,7,84,2,1,0
8,7,50,5,166,2,1,0
7,8,48,15,316,2,1,1
1,3,42,22,1,2,1,1
12,7,71,10,249,1,0,1
6,8,86,16,261,1,1,1
8,9,4,22,63,0,0,1
10,9,41,18,164,2,0,1
13,4,6,10,321,2,1,0
3,6,41,7,334,2,0,1
12,9,35,21,201,0,1,1
1,3,26,3,222,1,1,0
4,0,57,10,152,2,1,0
10,2,45,7,132,1,0,0
5,4,65,8,114,0,1,1
17,2,24,1,217,1,0,0
9,6,72,15,196,2,1,1
3,8,26,5,281,1,1,1
8,5,0,20,202,1,0,0
5,9,86,20,135,0,0,1
1,0,73,18,234,0,0,0
16,6,41,7,141,0,0,1
4,2,51,13,196,0,0,0
5,4,24,23,43,1,0,0
11,9,53,15,57,1,1,1
9,3,66,11,142,0,0,1
5,9,5,4,210,0,1,1
7,4,57,23,72,2,1,1
1,4,69,23,224,2,1,1
11,5,52,18,27,0,1,1
12,9,65,17,128,1,1,1
6,9,57,8,106,0,0,1
9,5,81,1,165,1,1,1
12,7,86,19,215,1,1,1
16,7,1,11,71,2,1,1
13,8,75,1,204,0,0,1
1,7,21,9,153,0,0,1
10,1,36,0,67,1,0,0
0,9,19,3,90,0,0,1
18,0,23,11,260,2,1,0
3,9,83,8,362,2,0,0
18,1,64,3,228,0,1,0
10,1,64,8,79,0,0,0
7,2,80,5,96,2,0,0
10,9,0,0,349,0,0,1
3,6,2,9,330,1,0,1
16,1,45,13,246,0,1,0
6,0,54,21,272,1,0,0
7,5,74,17,157,0,1,1
2,8,87,5,116,0,1,1
1,2,85,17,18,2,1,0
14,5,63,19,172,1,1,1
4,2,44,15,16,2,1,0
0,0,25,14,240,0,1,0
3,4,76,15,56,2,1,1
14,9,64,7,79,0,0,0
19,3,23,12,103,0,1,0
18,6,73,22,284,0,0,1
2,5,34,10,193,1,0,1
19,9,23,6,5,1,1,1
10,6,27,16,106,1,1,1
16,4,79,17,278,2,0,1
12,3,15,21,100,0,0,0
10,6,58,22,238,2,1,1
1,6,80,18,269,2,1,1
8,5,53,12,321,0,0,1
1,7,78,14,86,2,0,1
8,3,15,22,320,0,1,0
8,9,14,21,32,0,0,1
7,4,10,21,336,0,0,0
16,3,64,0,51,0,1,1
0,0,78,15,79,2,0,0
10,7,89,4,186,2,1,1
7,0,67,2,174,2,1,0
9,4,42,22,106,1,1,1
6,5,68,9,63,2,0,1
2,5,12,18,76,2,1,0
2,4,9,4,316,1,0,1
17,2,74,6,321,0,1,0
4,4,81,13,81,0,1,1
11,7,40,2,361,0,0,1
11,1,49,12,128,1,0,0
18,5,86,12,183,2,0,1
5,8,70,9,243,2,1,1
1,7,58,1,185,2,0,1
11,7,38,5,220,2,1,1
18,7,2,7,71,1,0,1
4,6,75,3,342,2,1,1
11,7,6,11,154,0,1,1
16,5,48,14,245,1,1,1
16,1,25,7,140,1,1,0
9,1,32,6,71,0,0,0
16,7,47,13,46,0,0,1
14,0,78,22,47,2,1,0
11,5,1,18,79,0,1,0
15,5,70,13,149,1,0,1
18,3,31,21,130,1,0,1
7,9,3,12,127,1,0,1
16,2,19,20,119,2,0,0
4,2,35,0,357,2,0,0
15,0,31,18,262,0,0,0
5,2,27,0,244,2,1,0
7,3,76,3,103,2,0,1
17,4,0,9,37,1,0,0
11,2,59,2,142,1,1,0
14,5,55,19,37,0,0,1
8,4,34,8,8,1,0,1
12,2,29,2,231,2,0,0
14,5,53,5,333,0,1,1
9,5,35,5,296,0,0,1
15,7,54,22,107,1,1,1
6,1,88,11,348,1,0,0
16,0,79,22,18,1,1,0
6,3,57,0,313,0,0,1
13,6,82,15,83,1,0,1
14,9,64,23,288,2,0,1
6,2,68,4,194,0,1,0
8,2,50,8,215,1,0,0
18,4,21,9,281,2,0,0
15,4,87,12,220,2,1,1
7,9,52,14,289,1,1,1
17,2,35,11,344,2,1,0
17,8,67,4,194,0,0,1
19,3,35,4,158,0,1,1
6,2,51,17,104,2,0,0
2,1,52,11,34,0,1,0
17,9,81,2,102,1,1,1
9,8,49,6,127,2,0,1
6,3,79,16,214,0,0,1
16,2,40,18,325,1,0,0
13,6,17,17,296,1,0,1
2,7,21,0,179,0,1,1
11,1,65,23,80,2,1,0
12,6,20,4,141,1,1,1
1,4,43,1,31,1,0,1
2,4,46,0,63,1,0,0
4,2,38,6,48,1,1,0
10,4,28,10,87,2,1,0
7,1,53,10,304,0,0,0
11,3,89,17,61,0,1,1
6,5,84,16,334,0,1,1
14,0,16,1,274,1,1,0
16,9,79,6,284,2,0,1
3,3,59,6,80,0,1,0
12,5,30,9,180,2,0,0
17,8,72,21,272,0,1,1
0,1,77,20,77,1,0,1
15,6,48,2,221,0,1,1
12,5,1,11,282,1,1,0
9,1,47,2,28,1,1,0
11,7,13,10,361,0,0,1
1,6,58,11,77,2,1,1
2,4,57,3,164,1,1,1
9,4,57,15,9,2,0,1
1,6,50,19,175,0,0,1
12,8,83,17,307,1,1,1
12,8,1,3,76,2,1,1
17,8,40,21,245,1,1,1
2,5,82,5,122,0,1,1
6,9,81,20,185,1,1,1
13,5,15,14,32,0,0,0
19,2,3,0,250,2,1,0
16,0,11,2,57,1,0,0
11,6,28,4,310,2,0,1
15,3,6,21,144,0,1,0
11,0,13,16,318,0,0,0
14,7,11,13,84,2,1,1
9,5,4,8,56,2,0,0
6,5,80,2,279,0,0,1
19,1,31,12,273,2,1,0
4,0,73,2,166,0,1,0
0,1,42,10,158,2,0,0
16,3,80,1,249,0,1,1
2,1,68,23,186,0,1,0
12,0,44,14,78,1,0,0
13,6,8,12,22,0,0,1
17,7,48,18,108,0,0,1
3,5,32,21,273,1,1,1
17,3,17,15,252,1,1,0
4,5,8,17,15,2,1,0
15,2,61,6,304,2,0,0
0,7,56,12,160,0,1,1
13,9,28,3,205,2,0,1
14,1,77,8,113,2,0,0
8,4,24,9,168,0,0,0
14,0,14,8,353,1,0,0
16,5,5,6,253,1,0,0
3,1,41,14,186,0,0,0
11,3,28,7,347,0,0,0
4,5,78,18,227,0,1,1
4,9,3,10,16,0,0,1
10,7,81,4,156,0,1,1
5,7,56,1,354,0,1,1
6,5,48,9,111,2,1,1
13,3,43,15,1,2,1,1
10,7,79,22,41,2,1,1
12,7,74,12,48,1,0,1
1,9,13,7,108,0,1,1
6,0,2,8,161,0,1,0
19,3,61,10,161,2,1,1
3,3,63,10,359,1,0,1
7,6,44,22,128,2,1,1
19,6,81,15,210,0,1,1
18,7,57,9,151,0,1,1
12,4,19,23,255,2,1,0
13,6,57,11,218,2,0,1
9,7,88,5,30,0,1,1
10,8,56,11,45,2,0,0
1,2,76,9,80,0,0,0
8,2,67,17,39,2,1,0
16,3,77,17,240,1,1,1
2,4,51,3,45,0,0,1
5,9,36,8,78,1,1,1
4,0,7,6,337,2,1,0
4,6,43,17,349,1,1,1
14,8,4,7,288,2,0,1
16,7,68,10,280,1,0,1
8,4,30,6,116,1,1,0
2,3,44,8,269,1,1,1
19,6,8,7,335,0,0,1
16,4,31,2,312,1,0,1
9,6,32,16,53,2,0,1
2,0,66,1,68,2,0,0
17,0,29,14,182,0,0,0
17,9,75,13,34,0,0,1
16,2,28,17,284,2,0,0
2,1,2,15,306,1,1,0
2,1,89,19,249,2,0,0
5,6,56,21,111,0,0,1
12,9,29,3,94,0,1,1
14,1,8,19,179,2,1,0
8,3,25,5,47,1,1,0
3,1,1,5,282,1,0,0
13,5,61,10,340,0,0,1
4,7,2,16,362,2,1,1
1,9,45,23,92,2,1,1
10,3,67,2,212,0,1,1
8,4,24,12,75,2,0,0
2,3,50,21,202,0,1,1
8,2,12,2,297,1,0,0
2,4,43,15,308,1,0,1
1,8,34,14,211,2,0,1
11,7,54,10,338,1,0,1
9,7,86,17,134,1,1,1
8,7,8,14,330,0,1,1
14,7,1,4,66,0,1,1
7,6,60,15,280,2,0,1
4,7,40,15,28,0,1,1
10,7,43,16,117,2,0,0
1,7,63,8,317,2,0,1
14,9,30,22,325,0,0,1
5,6,46,2,114,1,1,1
7,0,1,19,75,1,0,0
4,3,81,12,202,1,0,1
15,3,76,21,59,1,1,1
17,4,68,2,15,2,1,1
5,9,57,6,231,1,1,1
4,5,43,5,105,2,0,1
15,3,73,8,165,0,0,1
12,1,55,11,199,0,1,0
4,5,42,14,354,2,0,1
12,7,88,20,35,1,0,1
16,7,33,19,162,2,1,1
17,6,29,2,245,1,1,0
7,5,70,9,287,1,1,1
12,1,69,0,19,2,1,0
18,6,54,18,280,2,1,1
2,4,66,18,340,1,1,1
7,5,12,22,348,2,1,0
1,9,2,22,182,1,1,1
7,7,25,12,147,2,0,1
12,7,56,11,176,0,0,1
12,2,23,0,163,1,0,0
0,6,52,18,175,0,0,1
5,0,69,23,47,2,0,0
18,0,42,15,256,0,0,0
15,6,59,22,174,2,0,1
7,9,57,22,103,1,0,1
0,8,48,14,121,2,0,1
15,6,41,15,350,2,0,1
8,9,75,10,145,1,0,1
12,4,65,23,42,2,1,1
10,7,10,5,29,1,0,1
12,1,89,10,273,2,1,0
9,8,17,2,14,1,0,1
3,5,84,14,306,0,1,1
5,8,51,0,313,2,0,1
6,1,45,6,189,2,1,0
4,2,43,0,360,2,0,0
10,7,21,16,295,1,1,1
12,0,52,8,183,2,0,0
18,9,58,22,352,1,1,1
9,6,29,12,36,2,0,1
9,6,7,10,37,0,1,1
10,0,56,19,14,2,1,0
6,8,72,5,123,0,1,1
17,7,19,0,83,1,1,1
3,3,24,6,159,0,1,0
1,9,18,11,329,2,1,1
13,4,4,21,102,2,1,0
12,1,74,19,337,1,1,0
11,8,78,22,83,2,0,1
6,5,71,18,44,2,0,1
1,2,82,16,68,1,0,0
12,6,86,3,48,1,1,1
13,8,26,2,57,0,1,1
16,2,39,0,75,1,0,0
8,1,25,17,22,2,0,0
16,6,26,20,132,1,1,1
7,6,61,14,302,2,1,1
1,3,82,7,267,0,0,1
12,8,49,0,287,1,1,1
2,7,41,19,120,2,0,1
15,0,28,13,246,1,1,0
5,0,38,3,56,1,0,0
18,4,59,4,38,1,0,1
6,5,40,22,245,1,1,1
9,2,32,12,21,0,0,0
8,8,82,23,110,2,1,1
1,9,82,14,94,1,1,1
14,5,15,5,136,2,1,0
4,3,22,0,231,0,1,0
3,6,6,22,8,2,1,1
19,7,25,18,328,2,0,1
3,8,11,12,290,0,1,1
17,5,71,5,251,1,1,1
3,5,4,14,361,2,0,0
16,7,68,15,87,2,1,1
11,4,48,23,204,1,0,1
16,2,25,22,219,1,1,0
9,2,4,15,241,2,0,1
0,5,21,9,320,0,1,0
17,1,78,21,258,1,1,0
17,5,12,8,109,1,1,0
13,5,27,8,256,0,1,0
14,7,32,16,282,2,1,1
11,6,22,16,220,1,0,1
3,7,17,16,83,2,0,1
2,8,29,23,107,2,1,1
19,5,25,11,69,2,0,0
11,2,15,12,97,0,1,0
6,9,76,11,212,2,1,1
10,2,38,13,286,2,1,0
0,0,32,9,237,1,0,0
5,4,25,22,8,1,1,0
14,3,47,18,294,0,0,1
14,8,64,1,189,0,1,1
18,8,37,3,81,1,1,1
10,4,1,18,108,1,0,0
1,9,5,6,321,0,1,1
13,3,45,14,67,2,0,1
1,6,49,14,174,0,1,1
3,5,37,23,346,2,1,1
16,3,87,5,351,1,1,1
2,9,17,2,328,1,0,1
12,1,26,5,43,1,1,0
8,0,40,15,187,2,0,0
6,3,71,1,302,0,1,1
14,3,73,6,200,2,1,1
10,0,16,10,39,0,0,0
19,5,61,6,220,0,1,1
1,3,28,3,307,0,1,0
14,0,57,23,4,1,0,0
13,0,69,19,121,0,0,0
19,0,77,6,336,1,0,0
10,7,21,3,77,0,1,1
2,9,5,11,179,0,0,1
16,7,25,4,133,1,0,1
11,1,38,22,311,1,1,0
14,6,11,18,229,2,0,1
15,7,13,4,276,0,0,1
4,7,21,18,152,1,1,1
19,9,50,20,164,2,0,1
5,6,22,2,290,2,1,1
18,4,47,10,109,1,0,1
4,0,70,6,126,0,0,0
2,8,49,16,240,2,1,1
0,6,88,8,310,0,0,1
5,1,12,20,345,0,1,1
14,5,84,8,146,2,0,1
1,1,9,9,252,1,0,0
2,0,54,12,183,0,1,0
16,6,8,14,309,1,1,1
11,1,78,21,306,2,0,0
17,1,51,4,72,0,0,0
14,4,1,2,219,1,0,1
11,4,24,7,207,1,1,0
15,6,12,19,173,0,1,1
7,0,50,9,141,1,0,0
13,7,57,12,272,1,0,1
16,2,33,2,214,2,0,0
7,3,34,21,269,2,1,1
14,8,2,7,20,1,0,1
13,3,58,8,66,1,1,1
17,9,69,21,303,0,1,1
19,4,47,20,147,2,0,0
6,6,63,11,165,0,1,1
2,3,18,10,310,1,1,0
11,0,66,1,6,0,0,0
2,8,81,17,14,1,0,1
19,3,72,8,132,2,0,1
13,8,75,1,342,2,0,1
14,5,4,1,243,1,0,1
13,0,66,2,231,2,0,0
6,2,10,15,228,1,0,0
16,1,67,18,162,0,1,0
11,8,68,3,283,1,0,1
19,0,0,22,263,0,0,0
3,8,62,17,131,1,0,1
8,8,28,19,225,2,0,1
5,7,81,17,258,1,0,1
15,7,11,9,234,1,0,0
1,0,76,10,336,1,1,0
7,7,40,16,316,2,0,1
10,9,1,23,24,1,1,1
12,2,36,22,271,2,0,0
16,6,44,23,95,1,1,1
7,0,79,19,142,0,1,0
17,0,47,15,182,1,1,0
17,9,23,19,206,0,0,1
13,4,21,12,81,2,0,1
14,4,10,1,274,2,0,1
5,7,57,23,276,1,0,1
10,6,45,1,208,2,0,1
12,7,28,13,296,1,0,1
0,5,34,3,39,2,1,1
5,5,14,16,288,0,1,0
8,1,59,12,124,2,1,0
7,5,41,3,364,0,0,1
10,4,42,2,283,1,0,1
18,2,79,11,180,1,1,0
8,5,73,21,97,1,0,1
16,7,48,22,191,0,0,1
11,8,63,7,74,1,0,1
13,0,31,1,273,1,1,0
14,2,63,5,49,0,1,0
15,2,1,21,337,2,0,0
19,7,23,9,210,1,1,1
0,0,86,11,116,2,1,0
9,4,65,20,23,2,0,1
7,2,37,9,98,1,0,0
17,1,30,9,328,1,1,0
0,7,25,22,313,0,1,1
1,2,28,2,190,0,0,0
0,6,66,19,182,1,0,1
0,0,77,9,148,2,0,0
8,5,24,8,342,0,1,0
12,2,47,19,23,0,1,0
0,7,64,18,105,1,0,1
12,5,52,13,163,1,0,1
19,1,66,1,67,1,0,0
6,5,89,4,290,1,0,0
1,6,17,19,289,0,1,0
5,4,8,7,46,0,0,0
6,2,37,6,81,0,0,0
13,3,86,5,147,2,1,1
17,3,20,10,222,0,0,0
14,5,64,11,343,0,1,0
1,9,20,17,15,1,1,1
9,0,26,18,121,0,1,0
11,3,69,9,78,0,0,1
16,9,43,20,322,0,1,1
7,3,27,13,295,1,0,0
10,9,44,2,241,0,1,1
2,0,16,17,18,0,1,0
5,8,39,23,256,2,1,1
8,3,2,14,277,2,0,1
5,6,75,5,27,2,0,1
8,2,75,9,2,2,1,0
6,9,65,11,353,1,0,1
8,2,45,6,295,2,1,0
17,7,85,16,312,0,1,1
11,7,86,0,363,2,1,1
7,0,29,17,239,1,1,0
7,9,68,14,13,2,0,1
17,1,8,18,184,2,1,0
19,7,84,0,194,1,0,1
14,0,10,4,56,1,1,0
6,7,68,14,230,1,1,1
10,7,65,2,28,1,1,1
19,1,87,0,320,1,1,0
15,3,30,7,71,1,1,0
3,5,32,11,210,0,0,1
5,8,38,21,184,2,0,1
2,7,45,18,356,2,1,1
8,7,36,11,41,1,0,1
9,6,59,12,260,1,0,1
13,8,30,0,344,0,1,1
10,1,10,18,84,0,1,0
17,2,86,5,46,1,1,0
11,9,1,7,159,0,1,1
11,7,26,3,344,0,0,1
12,5,1,4,7,1,0,1
12,9,20,21,333,1,0,1
18,8,57,6,136,1,0,1
18,9,4,22,183,1,1,1
13,3,51,3,197,2,1,1
3,7,44,19,172,2,1,1
12,9,84,3,349,1,1,1
7,2,19,14,276,0,0,0
18,2,60,20,78,1,0,1
11,7,37,4,178,2,1,1
17,4,19,23,27,0,0,0
5,2,24,8,120,2,0,0
17,9,1,1,281,1,1,1
18,0,31,6,308,2,0,0
4,2,25,16,196,2,1,0
8,8,69,15,277,2,0,1
2,4,40,16,18,0,0,1
9,9,66,19,295,2,1,1
18,1,0,22,271,0,1,0
2,6,50,1,53,1,1,0
14,1,4,10,294,1,0,0
0,3,12,1,52,2,1,0
6,6,18,0,216,0,0,1
11,3,11,1,72,1,1,0
16,6,47,22,28,0,0,1
19,6,24,8,252,0,1,1
4,0,56,21,35,2,1,0
3,5,34,1,201,2,0,1
11,8,75,14,249,0,0,1
19,1,4,9,99,0,1,0
17,2,21,14,308,2,0,0
16,9,76,9,140,0,1,1
18,4,56,22,83,2,0,1
8,8,46,16,48,0,0,1
3,3,53,8,278,2,1,1
1,0,2,17,248,0,1,0
3,3,52,3,177,2,0,1
1,5,83,8,52,0,0,1
14,4,30,15,79,1,0,0
1,0,68,3,322,1,0,0
3,3,87,15,64,0,1,1
5,5,32,18,8,1,1,1
6,9,71,0,214,0,0,1
9,9,87,22,25,0,1,1
18,3,49,5,256,1,0,1
18,8,83,9,243,0,0,1
11,4,15,15,198,2,0,0
2,7,75,3,94,0,1,1
12,8,76,21,207,0,0,1
17,9,38,21,15,1,1,1
7,4,88,12,178,2,1,1
14,5,45,15,75,0,0,1
0,0,87,19,104,0,1,0
2,6,46,5,294,0,0,1
7,3,43,10,168,0,0,1
3,1,8,23,115,0,1,0
15,4,86,2,39,0,0,1
9,2,49,19,364,2,1,0
11,5,76,9,273,2,1,1
13,7,59,0,135,0,1,1
13,6,14,19,232,0,0,1
1,2,35,10,39,1,1,0
4,7,62,11,291,2,0,1
4,1,68,13,307,2,0,0
5,9,85,7,47,0,1,0
12,8,79,10,36,2,1,1
8,3,40,3,320,2,0,1
14,0,73,6,95,1,1,0
13,7,23,9,361,1,1,0
6,6,81,18,13,2,1,1
19,4,48,3,146,2,0,1
1,9,17,1,65,2,1,1
6,4,6,20,228,0,0,0
5,6,3,17,242,1,0,1
16,4,89,13,8,0,1,1
1,7,68,15,304,1,1,1
2,5,59,21,341,1,0,1
4,4,54,10,43,1,0,1
4,8,15,9,244,2,1,1
0,1,89,16,181,1,0,0
7,0,81,13,85,0,1,1
11,7,28,21,155,1,0,1
3,2,22,3,275,0,1,0
12,6,13,18,23,1,0,1
14,9,78,1,115,1,1,1
10,7,48,6,306,2,1,1
9,5,32,8,299,0,0,1
2,9,24,18,99,1,1,1
13,8,20,15,104,1,0,1
15,6,16,21,51,0,0,1
9,9,22,15,362,1,0,1
9,4,56,17,112,2,0,1
11,7,80,22,244,0,1,1
8,1,57,20,169,2,0,0
0,6,13,20,72,0,0,1
4,3,19,10,139,0,0,0
19,8,29,6,336,0,1,1
7,0,18,8,231,1,0,0
10,6,52,3,239,0,1,1
11,5,55,12,253,0,1,1
0,7,76,3,49,0,0,1
19,4,81,18,303,2,1,1
10,0,22,1,72,0,0,0
4,0,61,8,263,1,1,0
14,8,32,11,322,0,1,1
4,9,17,1,222,0,0,1
11,5,72,5,77,2,1,1
4,9,32,4,62,1,0,1
16,4,31,4,157,1,1,1
16,0,60,19,294,1,0,0
11,5,53,21,125,0,0,1
14,5,16,4,229,0,0,1
14,2,18,3,340,1,0,0
5,7,69,8,161,1,1,1
11,0,33,21,29,2,0,0
19,0,83,9,114,1,0,0
17,5,24,15,79,0,0,0
13,9,67,9,23,0,0,1
1,0,73,9,106,0,1,0
8,5,73,18,131,2,0,1
4,0,87,9,357,1,1,0
19,5,84,5,173,0,0,1
0,2,10,16,264,2,0,0
2,7,15,4,342,2,0,1
5,5,89,5,285,0,0,1
4,0,60,23,2,2,0,0
4,4,79,14,233,2,0,1
0,7,6,18,251,0,1,0
16,2,15,17,321,2,1,0
18,5,15,3,108,0,0,1
13,4,39,7,276,0,0,1
11,5,11,15,180,2,0,0
9,9,34,23,213,0,1,1
19,0,20,18,293,0,0,0
17,6,49,19,72,1,1,1
10,8,42,2,283,0,1,1
1,1,16,9,175,1,1,0
17,9,31,1,123,1,1,1
6,4,40,3,227,1,1,1
14,9,5,5,301,1,0,1
10,3,87,10,83,2,1,1
17,5,26,13,253,2,1,0
11,5,19,15,146,0,0,0
5,1,24,20,120,0,0,0
19,1,65,18,65,0,1,0
12,3,8,1,281,2,0,0
19,0,52,16,283,1,0,0
15,8,60,8,106,2,0,1
17,6,37,16,300,2,1,1
9,6,2,14,107,0,1,1
7,2,83,6,36,0,0,0
17,2,69,21,147,0,0,0
0,0,54,22,262,1,1,0
7,2,0,18,159,1,1,0
5,2,69,2,265,2,0,0
4,3,44,0,202,1,1,1
14,3,46,3,155,0,1,0
14,2,78,17,13,1,0,0
1,9,25,7,297,1,0,1
0,7,13,18,322,1,1,1
10,7,53,22,85,1,1,1
9,0,70,22,280,0,1,0
17,6,45,5,245,0,0,1
17,1,30,0,300,2,0,0
16,0,87,7,362,2,0,0
7,2,58,0,354,2,0,0
14,3,28,18,316,1,1,0
7,5,16,10,9,1,0,0
16,9,13,20,247,0,0,1
11,4,35,23,312,2,1,1
7,3,57,14,278,0,0,1
13,7,23,22,238,2,1,1
3,3,62,10,203,2,0,1
0,9,24,18,247,2,1,1
0,1,58,20,235,1,1,0
18,2,31,9,81,2,1,0
15,5,81,23,356,2,0,1
13,7,17,11,13,1,1,1
15,7,36,0,327,2,0,1
4,8,25,23,16,1,0,1
8,6,8,6,45,1,0,1
1,1,63,16,321,0,0,0
17,7,71,9,139,1,0,1
5,6,19,5,326,1,0,1
8,7,53,16,148,1,1,1
0,2,85,17,355,2,1,0
8,6,82,4,236,0,0,1
15,9,29,17,191,2,0,1
12,8,52,16,101,1,0,1
8,2,62,21,105,1,0,0
12,9,10,15,250,0,0,1
8,5,30,7,94,0,1,0
10,1,48,23,220,1,1,0
3,1,86,12,298,1,0,0
1,4,18,23,339,2,0,0
5,4,11,15,133,1,1,0
13,6,14,10,361,2,0,1
3,1,30,5,155,0,0,0
5,6,42,2,28,2,0,1
18,4,36,0,282,1,1,1
5,5,78,17,116,2,1,1
1,7,28,4,305,2,0,1
17,9,25,12,234,0,1,1
12,3,1,9,1,2,1,0
8,6,83,4,348,1,0,1
18,5,14,13,240,2,1,0
12,9,3,16,58,2,1,1
10,1,85,0,335,2,1,0
0,7,49,1,183,1,1,1
6,9,37,6,337,2,1,1
14,8,22,9,26,1,1,1
0,4,58,19,77,2,0,1
11,9,89,6,217,0,0,1
6,3,74,23,328,0,0,1
14,5,27,15,325,0,1,0
18,7,65,4,262,1,0,1
0,2,7,11,23,1,1,0
16,9,28,16,244,1,1,1
16,0,10,15,158,2,0,0
2,3,17,19,206,1,1,0
11,3,54,15,310,1,0,1
5,0,49,18,87,1,1,0
10,8,13,14,267,1,0,1
2,2,73,11,134,0,0,0
7,4,8,20,267,2,0,0
13,5,10,9,333,0,0,0
13,7,62,21,268,2,1,1
9,5,75,1,53,2,0,1
1,2,66,6,99,0,1,1
13,5,52,12,247,1,0,1
8,0,38,2,36,0,0,0
2,3,77,14,28,2,0,1
7,5,55,0,220,2,1,1
15,6,27,2,102,1,0,1
1,9,74,9,263,0,0,1
5,2,38,14,271,2,1,0
11,8,24,21,224,0,0,0
4,6,20,5,139,1,1,1
1,0,9,19,280,1,0,0
15,1,42,14,286,2,0,0
4,0,14,23,250,1,0,0
14,8,82,20,322,2,1,0
11,8,47,6,317,2,0,1
3,6,85,20,78,1,0,1
14,9,20,4,297,1,0,1
10,2,59,3,338,0,1,0
15,4,49,21,307,0,1,1
5,3,22,17,351,2,1,0
13,6,12,2,13,0,1,1
17,8,68,16,346,2,1,1
11,1,3,17,82,1,1,0
10,7,77,17,9,1,0,1
12,8,71,23,213,0,0,1
10,9,8,23,48,2,0,1
15,9,34,1,49,2,0,1
14,8,20,12,309,0,0,1
14,9,57,21,40,2,1,1
3,6,17,14,363,2,1,1
10,8,71,4,280,1,1,1
18,8,80,2,226,2,0,1
14,2,42,4,108,2,1,0
3,3,5,4,245,2,0,0
12,1,85,4,255,0,1,0
18,9,77,2,33,0,0,1
1,2,66,2,23,0,1,0
13,4,11,19,333,2,0,0
3,4,11,22,54,2,1,0
15,5,65,17,309,0,0,1
19,6,1,19,49,0,1,1
13,6,14,3,78,2,0,1
14,0,22,0,336,2,0,0
2,1,28,15,358,1,0,0
7,8,80,7,122,0,0,0
15,9,6,16,359,2,1,1
9,1,27,7,90,0,1,0
3,5,13,6,346,0,1,0
17,0,43,7,193,0,0,0
1,2,29,20,244,1,1,1
16,1,80,23,149,2,0,0
12,2,31,11,146,2,1,0
3,4,69,15,316,0,0,1
10,9,87,11,141,2,1,1
6,5,5,18,286,1,0,0
11,8,26,9,339,0,0,1
9,9,81,6,111,1,1,1
6,3,87,11,108,1,1,1
12,6,23,19,281,2,1,1
6,5,33,4,50,2,0,1
16,1,39,15,14,1,0,0
9,9,46,8,134,2,0,1
9,7,78,6,76,1,1,1
3,6,74,19,84,1,0,0
19,6,85,21,343,0,1,1
3,7,23,13,158,1,0,1
6,0,64,10,286,1,1,0
0,0,17,6,314,2,0,0
11,7,43,9,94,0,0,1
12,3,75,8,297,2,1,1
9,4,56,3,94,0,0,1
14,7,27,15,57,2,0,1
12,4,70,9,164,1,1,1
8,9,22,18,320,0,0,1
8,3,84,23,98,0,1,1
14,5,33,16,16,0,1,1
9,4,10,8,344,0,0,0
9,6,85,12,78,2,0,1
7,9,34,0,346,2,0,1
15,6,41,1,72,0,1,1
16,3,27,12,270,0,0,0
4,4,81,23,287,0,1,1
3,2,77,8,66,2,0,0
17,3,81,6,68,0,0,1
18,3,23,15,193,0,1,0
3,2,7,18,55,0,0,0
6,9,52,6,168,2,0,1
9,4,71,5,25,1,0,1
17,4,3,17,131,1,0,0
18,6,4,18,325,2,0,1
3,3,48,10,102,1,1,1
9,3,29,11,282,0,0,1
0,8,71,9,296,0,1,1
17,5,62,12,294,2,0,1
4,3,46,11,263,2,0,1
14,1,25,20,120,1,1,0
16,5,56,9,231,1,0,1
2,1,36,19,291,0,0,0
11,4,6,17,161,2,1,0
1,5,39,3,161,1,1,0
0,3,38,23,78,1,0,1
16,2,61,4,38,0,1,0
15,6,77,4,28,0,1,1
4,1,52,11,100,0,1,0
14,5,3,2,294,0,1,1
2,3,81,7,124,1,0,1
6,5,24,21,92,2,0,0
10,3,6,1,255,2,1,0
9,3,27,17,97,0,0,0
8,3,68,8,6,0,1,1
13,8,66,12,169,1,0,1
12,6,19,6,271,0,0,1
1,2,82,9,108,2,1,0
2,2,10,8,299,0,1,0
6,5,66,21,47,2,0,1
17,5,86,14,99,0,0,1
2,3,6,4,14,0,0,0
9,8,22,11,194,2,1,1
6,3,60,0,157,1,0,1
8,8,70,11,154,1,1,1
16,3,33,21,115,0,1,1
10,1,18,5,258,0,1,0
6,1,57,18,145,2,0,0
13,4,8,18,291,2,1,0
18,3,47,15,10,0,0,0
3,6,81,18,214,2,1,0
5,4,40,2,233,1,0,1
9,5,47,22,171,1,0,1
6,9,44,9,21,2,1,1
12,3,24,17,15,2,1,0
13,1,77,12,126,2,0,0
3,9,24,17,341,1,0,1
7,8,18,2,341,0,1,1
4,9,38,22,213,2,1,1
0,6,78,2,188,2,0,1
3,3,79,22,172,2,0,1
2,2,26,11,247,0,1,0
8,9,73,19,5,2,0,1
7,2,62,6,231,2,1,0
0,8,67,23,201,1,1,1
5,4,18,7,149,2,1,0
8,2,27,8,72,1,1,0
6,4,84,13,226,0,0,1
3,1,77,4,74,2,1,0
12,3,32,20,307,2,1,0
16,9,9,18,169,1,0,1
1,1,82,20,249,0,0,0
4,1,29,15,280,0,1,1
11,7,21,23,152,1,1,1
7,0,2,11,224,0,1,0
5,6,81,20,225,0,1,1
7,4,74,3,38,0,1,1
17,7,47,7,44,0,1,1
2,0,1,6,185,0,0,0
11,6,75,14,241,0,0,1
2,4,53,5,331,0,1,0
5,3,5,4,351,0,0,0
1,6,39,13,210,2,0,1
11,9,1,20,23,1,1,1
1,1,72,12,124,0,0,0
5,0,1,9,86,1,0,0
16,0,73,17,43,0,1,1
2,0,54,3,40,0,1,0
1,4,71,7,303,2,1,1
19,9,59,23,169,1,0,1
7,6,5,10,175,1,1,1
11,1,18,16,20,2,0,0
3,9,26,17,109,2,1,1
4,7,0,20,193,1,1,1
12,3,32,10,244,0,1,1
14,2,39,15,324,0,1,0
15,9,31,11,280,1,0,1
9,7,68,12,228,0,0,1
15,1,16,15,36,2,1,0
11,2,7,22,45,2,0,0
16,2,56,20,28,2,1,0
15,9,41,0,154,1,1,1
11,0,8,15,23,1,0,0
7,5,86,14,207,1,0,1
19,1,34,5,91,0,1,1
2,0,70,11,359,1,1,0
15,1,78,7,38,1,1,0
12,5,52,6,228,2,0,1
18,3,53,1,202,0,1,1
7,5,83,11,350,0,1,1
4,8,24,20,309,2,1,1
19,9,66,13,254,0,1,1
7,9,61,15,38,1,1,1
11,7,54,10,221,0,1,1
0,0,45,19,187,2,0,0
19,7,23,8,43,0,1,1
5,8,45,9,359,2,1,1
17,5,21,16,114,1,0,0
7,9,10,11,260,1,0,1
6,4,47,5,5,2,1,1
0,5,7,18,68,1,0,0
15,5,38,10,228,1,1,1
11,8,34,8,123,0,0,1
5,3,48,20,173,1,0,1
19,1,45,5,336,2,1,0
1,8,37,23,153,1,0,1
13,1,7,15,267,0,1,0
3,9,53,19,157,2,0,1
0,8,36,15,162,1,1,1
17,1,39,5,214,1,0,0
12,7,33,4,26,1,1,1
1,8,78,20,292,2,1,1
8,9,16,3,189,0,1,1
1,8,32,1,122,2,1,1
8,9,46,5,230,2,0,1
0,8,51,8,59,0,1,1
10,1,79,16,96,2,0,0
2,3,8,13,262,2,0,0
19,6,32,6,354,1,1,1
3,1,59,21,312,2,1,0
17,0,76,18,136,1,0,0
5,2,20,0,350,2,0,0
2,3,57,19,283,1,0,1
10,7,84,14,120,1,1,1
14,5,68,17,25,1,1,1
4,1,9,2,342,0,0,0
19,8,5,17,146,2,0,1
9,1,12,1,12,2,0,0
11,4,64,9,87,2,1,1
14,3,19,10,109,0,0,0
16,6,56,23,345,1,0,1
9,7,45,2,266,2,0,1
5,4,7,6,222,0,0,0
17,9,9,7,74,0,1,1
12,4,72,18,333,2,0,1
2,1,66,17,310,1,1,0
9,7,10,12,102,0,1,1
13,1,11,12,137,2,0,0
5,9,9,23,191,1,1,1
2,5,24,18,142,0,0,0
15,7,48,22,357,0,0,1
6,5,48,11,73,2,0,1
19,3,88,16,328,2,0,1
13,3,10,21,167,1,0,0
8,5,61,11,168,2,1,1
14,3,35,12,54,2,1,1
2,7,38,11,259,1,0,1
1,8,52,18,111,2,1,1
1,0,89,13,232,1,0,0
2,3,77,6,161,1,1,1
17,3,55,12,352,1,1,1
13,1,0,5,327,2,0,0
19,5,55,23,19,1,1,1
17,2,3,18,290,2,1,0
9,6,29,18,50,1,1,1
1,4,11,3,175,2,0,1
0,3,34,18,302,1,1,1
3,4,76,8,184,0,1,0
13,7,51,15,185,0,1,1
0,2,30,3,339,0,1,0
13,6,86,5,307,1,1,1
15,5,67,7,310,2,1,1
13,0,51,23,346,1,1,0
19,6,79,15,81,1,1,1
2,6,6,4,156,1,1,1
2,0,21,20,275,1,0,0
8,8,74,21,283,2,1,1
5,5,55,9,249,1,1,1
12,1,57,22,147,0,1,1
1,4,63,12,7,0,1,1
7,3,11,13,157,0,1,1
1,6,6,6,171,1,0,1
3,7,54,19,69,2,0,1
14,0,61,5,94,2,0,0
3,4,89,6,363,2,0,1
12,2,72,4,186,1,1,0
11,0,76,20,170,2,1,0
12,2,54,17,204,0,1,0
13,5,35,22,42,2,0,1
19,6,88,11,13,1,0,1
17,7,23,5,154,1,0,1
5,3,43,0,274,2,0,1
10,2,16,3,298,1,1,0
1,4,1,18,51,2,1,0
18,8,12,11,212,2,0,1
18,5,30,14,144,0,1,0
4,8,27,2,357,1,0,1
18,5,59,22,3,0,0,1
1,1,26,19,254,1,0,0
9,4,14,7,335,2,0,0
1,8,78,10,256,1,1,1
10,7,32,15,98,2,1,1
17,6,19,8,173,1,0,1
14,0,41,2,150,0,0,0
8,3,11,4,279,0,1,0
18,6,72,19,59,2,1,1
8,6,22,13,113,0,0,0
2,5,71,14,324,2,0,1
8,7,13,5,243,2,0,1
13,5,24,3,310,2,0,1
18,9,76,7,57,1,0,1
6,2,84,18,60,2,1,0
15,3,30,4,329,0,1,0
15,2,53,12,216,1,0,0
0,0,4,15,233,0,0,0
3,9,12,0,55,2,0,0
3,4,27,12,208,2,0,1
6,0,42,21,63,0,1,0
7,0,88,10,184,1,1,0
16,1,46,20,311,0,0,0
4,3,70,7,281,2,1,1
6,5,37,7,26,1,0,1
19,7,66,23,177,2,0,1
19,2,61,13,63,2,1,1
3,0,38,12,73,0,0,0
5,2,36,2,335,2,1,0
6,2,85,3,167,0,0,0
17,4,7,19,225,1,0,0
4,3,80,14,65,2,0,1
19,3,51,14,69,2,0,1
2,8,32,20,9,1,1,1
6,6,80,12,236,0,0,1
13,3,41,8,198,2,1,1
6,2,75,9,173,1,1,0
4,5,26,11,282,2,0,0
4,2,7,13,28,0,1,0
1,5,22,0,296,0,0,1
5,8,63,13,134,0,1,1
14,5,19,13,27,0,1,0
9,3,15,7,38,1,0,0
6,4,16,15,196,2,0,0
4,5,79,13,203,1,1,1
0,2,18,0,85,0,0,0
12,7,7,15,320,0,0,1
17,3,37,17,30,0,1,1
12,7,37,6,99,0,1,1
17,9,52,14,190,2,0,1
4,9,89,23,12,0,1,1
12,2,30,16,91,2,0,0
3,9,43,18,30,0,0,1
16,6,59,22,213,2,1,1
2,8,75,12,38,2,0,1
16,3,16,8,341,0,1,0
10,7,78,23,60,1,0,1
19,2,72,23,294,1,0,0
3,6,38,14,360,1,0,1
1,2,41,2,143,1,1,0
19,6,47,23,180,1,1,1
15,9,11,0,285,0,0,1
17,9,88,15,112,0,1,1
7,5,17,7,230,0,1,0
2,1,78,22,21,0,0,0
8,2,5,12,145,0,1,0
19,5,42,7,146,0,1,1
5,3,34,16,316,2,1,0
9,5,53,21,166,2,0,1
9,0,61,22,140,0,0,0
12,9,68,13,203,0,1,1
16,0,81,20,244,2,0,0
8,2,15,20,113,2,1,0
16,7,7,6,201,0,0,1
8,7,88,14,314,2,1,1
8,3,89,15,259,1,0,0
0,5,85,18,255,1,1,1
1,7,30,5,23,1,0,1
15,6,9,22,246,2,1,1
0,6,55,0,339,0,0,1
9,3,75,11,311,0,0,1
17,8,69,17,318,0,0,1
7,9,19,15,87,2,1,1
10,5,4,11,219,2,1,0
1,2,22,19,356,1,1,0
7,4,8,12,27,2,0,0
7,4,57,7,290,1,1,1
16,4,58,21,289,1,0,1
14,7,79,0,348,0,0,1
16,8,53,20,223,2,0,1
12,8,45,6,352,0,1,1
18,5,21,14,178,0,0,0
4,5,63,21,148,2,1,1
11,8,7,12,227,2,1,1
0,3,19,12,351,1,0,0
4,5,50,8,186,1,1,0
7,3,77,23,294,1,0,1
12,0,38,14,41,1,0,0
7,6,36,3,191,0,1,1
10,9,49,12,79,0,0,1
0,5,33,11,205,2,0,1
12,8,74,4,278,1,0,1
18,6,32,6,272,1,1,1
2,6,30,7,32,1,1,0
16,1,53,4,142,0,1,0
4,8,43,8,251,2,0,1
19,9,33,13,294,0,0,1
7,8,70,11,98,2,1,1
13,5,61,3,136,2,1,1
3,2,22,19,277,0,1,0
10,0,45,7,312,0,1,0
19,3,55,16,302,2,1,1
14,2,6,7,43,0,0,0
18,0,88,20,120,0,1,1
6,2,60,0,220,2,0,0
18,3,2,19,46,2,0,0
18,7,37,1,236,1,0,1
10,8,83,3,48,0,0,1
4,2,33,23,198,2,1,0
4,5,43,20,84,0,0,1
7,9,29,0,31,0,1,1
9,4,16,6,161,2,0,0
5,5,58,0,71,1,1,1
14,3,9,8,8,2,1,0
15,9,83,2,52,2,0,1
16,5,17,11,45,0,1,0
7,6,44,18,293,1,0,1
7,8,58,14,300,2,1,1
8,9,61,21,38,0,0,1
1,6,58,15,355,2,0,1
14,5,48,9,231,0,1,1
17,0,62,21,262,2,1,0
2,1,86,5,68,1,0,0
16,0,31,16,179,2,0,0
3,8,9,20,357,0,1,1
3,9,10,21,186,2,0,1
13,9,69,23,201,1,0,1
8,8,61,16,13,1,0,1
8,6,46,20,214,1,1,1
17,1,33,18,220,1,0,0
9,5,16,17,286,0,0,0
3,3,53,10,244,2,1,1
11,0,75,23,356,1,0,0
7,0,84,6,258,2,0,0
1,4,39,9,58,0,0,1
12,1,18,6,36,2,0,1
15,3,66,4,328,2,1,1
1,0,81,11,193,1,0,0
10,3,52,15,333,1,0,1
9,5,63,20,50,0,0,1
14,9,82,17,32,2,0,1
16,3,46,2,98,0,0,1
7,0,5,19,43,0,1,0
17,6,15,14,351,0,1,1
8,1,71,4,334,1,0,0
7,8,17,12,310,1,0,1
13,2,51,18,47,2,1,0
17,7,47,11,270,2,1,1
19,7,42,22,311,2,1,1
19,2,38,20,63,1,0,0
11,3,48,4,19,1,0,1
18,1,11,5,347,0,0,0
13,3,9,6,101,1,0,0
16,8,70,9,37,0,0,1
2,1,54,15,107,0,0,0
6,2,0,7,92,1,1,0
16,3,48,8,308,0,1,1
11,4,35,3,185,0,0,1
8,0,20,20,216,2,0,1
14,6,36,20,28,0,0,1
17,9,23,7,36,1,1,1
12,6,54,6,320,1,1,1
7,8,24,14,18,0,1,1
13,3,6,20,345,2,1,0
7,5,80,2,196,1,0,1
13,1,70,16,78,1,1,0
6,3,70,10,167,2,1,1
11,1,23,8,90,0,0,0
10,9,10,4,264,1,0,1
10,4,72,9,208,0,0,1
12,6,11,14,212,0,1,1
17,0,34,13,271,0,0,0
1,9,62,3,263,0,1,1
14,9,67,20,273,1,1,1
19,6,56,19,342,2,1,1
17,9,12,1,214,1,1,0
14,5,22,11,64,2,0,0
18,5,82,0,12,0,0,1
11,7,38,23,210,2,1,1
12,7,87,19,312,0,0,1
10,5,79,4,174,1,1,1
4,2,11,5,256,1,1,0
0,4,33,23,101,2,0,1
2,1,70,10,16,0,0,0
18,4,74,7,197,0,1,1
6,8,30,6,258,2,0,1
11,9,61,3,244,0,1,1
14,0,12,5,348,0,0,0
4,9,30,15,249,0,1,1
14,4,1,19,105,1,1,0
7,5,14,14,182,1,0,0
9,6,56,13,155,1,0,1
15,8,74,22,287,0,1,1
7,5,33,11,169,1,0,1
0,4,67,11,47,0,0,1
11,6,74,15,43,0,1,1
4,0,28,14,321,2,1,0
2,4,65,12,306,0,0,1
0,1,15,10,221,1,0,0
3,3,38,16,1,1,1,1
7,6,76,20,200,0,1,1
2,4,36,14,144,1,1,1
9,5,80,13,28,0,1,1
1,1,20,9,342,2,1,0
10,2,43,11,338,0,1,0
9,6,18,15,278,0,1,1
13,1,70,14,41,2,1,0
6,5,7,9,332,1,0,0
1,4,76,3,147,2,0,1
8,9,65,22,345,2,0,1
15,0,40,8,178,0,1,0
12,9,74,20,315,0,0,1
8,3,87,19,325,2,1,1
19,1,69,8,167,1,0,0
3,3,60,20,123,2,1,1
9,0,25,23,74,1,1,0
11,1,70,19,239,2,0,0
16,7,82,10,249,2,1,1
13,5,69,10,263,1,0,1
13,1,28,6,252,2,0,0
1,5,65,20,357,0,0,1
19,9,18,9,111,2,0,1
10,8,67,3,180,0,0,1
15,6,57,4,188,1,0,1
18,8,69,4,308,1,0,1
5,4,56,10,207,0,0,1
18,6,36,8,234,2,0,1
4,6,60,15,24,0,1,1
3,2,29,8,26,0,1,0
14,6,70,21,218,1,0,1
3,0,72,3,346,0,1,0
19,8,24,1,10,2,1,1
9,9,64,13,17,0,0,1
2,5,5,2,245,1,0,1
4,4,17,17,206,2,1,0
5,6,9,20,258,1,0,1
7,4,10,5,112,0,0,1
6,9,64,10,205,0,0,1
9,4,76,20,27,1,1,1
5,9,83,17,71,1,0,1
13,6,64,11,176,2,1,1
3,9,51,4,202,1,0,1
12,6,66,8,248,1,0,1
19,2,81,19,118,0,1,0
16,2,77,17,9,0,0,0
6,9,30,18,86,1,1,1
3,2,16,2,23,1,1,0
13,5,54,8,240,0,0,1
2,5,35,3,73,2,0,1
4,2,25,16,27,2,1,0
15,2,52,16,349,2,1,0
19,7,16,22,81,2,0,1
3,7,85,22,84,0,0,1
1,6,24,1,199,1,0,1
17,9,1,8,43,2,0,0
18,3,85,8,263,0,0,1
18,3,4,4,92,1,1,0
16,2,3,14,339,2,1,0
13,4,35,14,84,1,1,1
18,2,5,2,300,2,1,0
12,7,20,18,296,1,0,1
11,6,76,2,135,2,1,1
5,2,88,5,281,2,0,0
3,8,25,3,59,1,0,1
18,4,54,23,359,1,0,1
15,8,38,12,342,1,0,1
12,6,83,12,241,0,0,1
3,6,32,10,342,0,1,1
16,5,13,4,98,1,0,1
0,1,55,0,62,0,0,0
17,8,80,8,264,2,0,1
19,5,20,16,113,1,1,0
16,7,45,21,146,0,0,1
14,0,15,0,216,1,0,0
10,4,15,2,256,2,0,1
12,0,83,14,316,2,1,0
0,9,28,20,316,0,0,1
16,7,7,22,362,2,1,1
5,7,87,9,258,1,1,1
3,0,2,7,194,0,0,0
19,8,88,11,347,1,1,0
15,1,18,21,14,1,1,0
14,8,65,14,304,1,0,1
14,0,78,8,103,2,0,0
5,9,85,23,245,1,0,1
14,8,73,9,245,2,0,1
13,3,81,19,312,1,1,1
10,8,21,8,268,2,1,1
6,6,45,14,224,2,0,1
8,5,12,22,220,2,0,0
15,4,32,20,311,1,0,1
4,8,4,20,217,1,1,1
19,1,89,0,4,2,0,0
9,1,76,1,36,1,1,0
17,8,26,18,178,2,1,1
2,2,77,13,257,1,1,0
12,7,23,7,17,2,1,1
10,8,66,5,199,2,0,1
16,7,62,11,318,0,0,1
12,3,47,14,48,1,0,1
5,0,62,13,62,1,1,0
16,3,77,20,69,0,1,1
12,8,11,0,147,2,0,1
18,1,27,10,359,2,1,0
18,2,43,2,162,0,1,0
9,9,42,18,227,0,1,1
2,7,16,17,347,2,0,1
13,5,39,19,230,1,0,1
18,7,48,1,178,0,0,1
4,6,84,6,345,0,1,1
4,4,56,7,56,0,0,1
19,8,86,18,78,0,0,1
16,3,83,21,270,0,0,1
9,5,63,14,206,0,1,1
4,1,74,9,281,2,1,0
3,1,56,21,228,2,1,0
5,1,73,0,239,0,1,0
3,9,73,5,288,2,1,1
6,6,69,12,82,1,0,1
6,1,87,13,334,1,0,0
17,1,75,2,250,0,1,0
2,8,42,10,193,1,1,0
0,6,22,2,106,1,0,1
3,2,26,18,189,2,1,0
5,2,57,9,276,2,1,0
8,6,36,14,74,2,1,1
13,4,5,10,10,2,1,0
11,9,64,14,123,1,1,1
19,5,5,23,216,0,0,0
3,7,49,12,290,2,0,1
11,8,21,4,40,1,1,1
9,0,87,3,193,2,1,0
6,2,24,12,127,1,0,0
2,6,78,8,289,2,1,1
13,5,89,16,71,0,0,1
9,6,71,1,137,2,1,0
15,7,50,23,144,0,0,1
15,5,87,4,354,2,0,1
9,2,47,15,299,2,1,0
12,1,69,6,345,2,1,0
5,6,64,0,269,1,0,1
11,0,59,11,139,1,1,0
8,2,45,20,52,0,0,0
12,3,35,10,17,0,1,1
3,0,57,11,165,1,1,0
10,4,75,18,13,0,1,1
19,9,37,11,190,0,0,1
17,2,10,11,340,1,0,0
10,1,11,13,353,1,1,0
3,2,41,1,362,1,0,0
17,7,38,1,352,1,1,1
0,5,70,3,264,2,0,1
6,6,10,19,312,1,1,1
5,5,35,22,221,0,0,1
14,5,51,15,104,2,0,1
17,2,30,9,339,2,0,0
10,7,32,12,198,0,0,1
19,6,12,1,300,2,0,1
14,6,17,2,359,0,0,1
15,5,40,18,169,2,1,1
6,4,57,5,149,2,1,1
9,9,55,18,249,0,0,1
11,7,23,20,256,0,1,1
13,4,72,19,42,0,0,1
4,8,30,18,202,0,1,1
17,8,54,7,244,1,1,1
4,0,9,13,157,1,1,0
2,5,59,9,286,0,1,1
4,6,1,2,282,1,0,1
16,2,14,5,238,0,1,0
18,6,2,14,19,0,1,1
18,6,42,22,53,2,1,1
11,1,30,22,85,0,0,0
8,6,69,17,273,0,1,1
0,0,66,13,360,0,0,0
17,4,55,18,213,0,0,1
3,8,62,9,361,2,1,1
9,6,74,14,104,0,0,1
6,6,14,3,192,2,1,1
0,1,9,22,177,0,1,0
16,7,37,1,147,2,1,1
1,2,46,2,81,1,1,0
10,7,56,6,193,2,1,0
8,2,49,22,37,2,1,0
6,9,70,15,326,0,1,1
16,6,14,9,154,2,0,1
16,1,17,18,130,2,0,0
1,3,81,16,59,0,1,1
5,5,87,18,224,1,1,1
13,8,1,4,249,1,0,1
5,4,83,22,240,1,1,1
1,8,42,19,293,2,0,1
0,4,25,12,287,0,0,0
9,9,70,12,204,1,1,1
4,7,37,10,99,1,1,1
1,0,41,10,350,1,0,0
15,6,4,15,176,1,0,1
1,3,10,14,262,0,1,0
9,4,64,16,271,1,1,1
1,5,33,21,143,2,0,0
15,4,0,17,189,2,0,0
15,0,82,18,272,0,0,0
18,8,1,3,20,1,1,1
6,1,84,21,333,1,1,0
11,8,19,21,300,2,1,1
14,9,60,22,46,0,0,1
7,1,86,4,95,2,0,0
5,8,20,6,64,0,1,1
9,5,87,1,131,0,0,1
2,8,67,0,9,0,0,1
18,5,11,11,203,2,0,0
16,5,21,9,298,0,0,0
6,1,19,7,174,2,0,0
19,7,81,0,73,2,1,1
3,2,0,11,84,1,1,0
13,6,29,1,59,2,1,1
19,4,23,9,21,2,1,0
14,2,13,21,157,1,1,0
7,0,35,16,319,1,0,0
14,7,68,2,329,1,0,1
19,2,74,6,61,0,0,0
13,1,23,11,64,0,1,0
8,0,59,7,325,1,0,0
7,3,54,19,168,0,0,1
16,7,76,11,203,1,0,1
1,2,79,2,129,0,1,0
2,0,23,16,245,2,0,0
7,3,76,8,106,0,0,1
11,8,23,9,321,0,1,1
0,0,53,21,122,2,1,0
9,1,25,5,318,1,0,0
19,8,65,0,182,0,1,1
2,1,79,21,103,0,0,0
5,2,37,11,316,2,1,0
6,6,64,4,302,2,0,1
19,2,74,12,261,2,0,0
17,8,50,14,113,2,1,1
10,5,34,21,70,1,1,1
18,2,42,10,160,0,1,0
4,8,28,7,240,0,1,1
18,0,36,4,11,0,0,0
10,9,80,1,138,0,1,1
11,2,57,11,167,1,0,0
9,0,53,1,247,0,0,0
7,1,38,15,354,1,0,0
8,7,41,20,31,1,1,1
3,6,27,2,12,2,0,1
4,1,28,9,243,2,0,1
7,1,42,18,108,0,1,0
8,8,2,7,336,1,0,1
14,5,9,6,323,2,0,0
14,4,58,0,194,1,0,0
15,9,13,11,308,2,1,1
13,5,75,4,133,1,0,1
7,8,46,15,281,0,0,1
17,6,41,3,291,0,0,1
9,9,31,16,163,1,1,1
19,9,31,23,278,2,1,1
5,8,41,20,203,2,1,1
11,3,31,1,96,0,0,1
1,1,25,11,223,0,0,0
6,7,0,0,237,0,0,1
15,3,55,11,117,2,0,1
2,8,1,11,192,2,0,1
12,3,80,11,276,0,1,0
2,7,29,18,106,1,0,1
17,8,70,16,4,2,0,1
10,8,51,19,18,0,1,1
7,9,8,23,307,1,1,1
5,3,21,23,20,2,0,0
0,0,33,10,122,1,1,1
0,2,48,12,137,1,1,0
7,8,0,7,80,2,1,1
4,3,72,9,154,0,0,1
15,4,83,7,358,1,1,0
10,6,52,19,25,0,0,1
4,4,82,7,169,2,1,1
3,3,39,8,59,1,0,1
5,1,44,6,301,1,0,0
13,1,67,13,41,1,0,0
18,3,8,1,38,1,1,0
8,9,21,10,117,1,1,1
11,9,17,7,275,2,1,1
10,8,75,12,270,1,0,1
13,7,42,20,127,2,1,1
15,2,38,14,3,0,1,0
0,8,72,2,293,2,0,1
12,4,5,22,16,1,1,0
12,2,82,13,265,0,0,0
1,4,47,14,239,2,1,1
3,9,6,1,263,2,0,1
5,3,79,18,134,2,0,1
4,7,68,11,213,1,1,0
2,4,15,19,15,1,0,0
0,9,0,3,328,2,1,0
3,7,36,2,360,2,1,1
19,8,82,4,129,0,1,1
1,3,36,2,352,1,1,1
4,6,80,14,122,1,0,1
2,1,63,18,241,0,0,0
8,5,89,1,115,2,0,1
19,7,85,11,197,2,1,1
5,6,61,4,222,0,1,1
17,6,71,21,214,2,0,1
5,7,60,16,80,2,0,1
18,6,32,13,263,0,1,1
11,4,65,21,135,0,1,1
10,6,29,9,306,0,1,1
1,9,19,2,242,2,0,1
14,2,59,3,303,0,1,0
11,4,81,5,270,2,0,1
11,6,73,23,287,1,1,1
8,8,23,21,50,1,0,1
1,1,3,15,189,0,1,0
2,3,36,6,297,2,0,1
11,6,3,14,14,2,0,1
15,0,76,20,232,2,0,0
0,1,88,19,261,0,1,0
2,8,76,10,192,2,0,0
19,9,17,21,203,2,0,1
1,6,87,20,261,2,1,1
8,9,65,0,113,1,0,1
18,6,47,4,352,2,0,1
14,5,32,12,36,1,1,1
17,2,57,20,79,2,0,0
10,9,82,13,275,2,1,1
15,2,72,8,278,2,0,0
16,1,27,16,162,1,1,0
4,5,34,14,312,2,0,1
11,3,9,20,17,0,0,0
10,4,64,6,204,2,0,0
14,2,41,21,17,1,1,0
2,5,84,21,202,1,0,1
0,2,8,11,210,0,0,0
19,7,59,22,78,0,1,1
15,8,14,5,56,0,1,1
1,3,56,20,80,1,1,1
1,8,68,15,306,2,0,1
2,6,21,4,58,2,0,1
7,2,63,8,18,0,0,0
14,6,40,13,208,0,1,1
6,0,86,7,135,2,1,0
5,2,70,13,332,0,0,0
8,5,55,11,10,2,0,1
19,3,22,9,69,2,1,0
0,6,24,19,341,2,1,1
7,2,5,19,83,2,1,0
2,0,33,20,109,1,0,0
3,8,62,12,44,2,1,1
14,5,8,18,132,0,1,0
5,7,59,14,18,0,1,1
14,2,48,7,93,0,1,0
2,7,50,22,294,0,0,1
13,1,59,20,148,1,1,0
19,3,69,9,172,2,0,1
13,2,36,2,51,2,0,0
3,9,30,20,19,0,1,1
11,0,40,2,120,0,1,0
16,6,61,4,324,0,0,1
6,9,57,15,225,2,1,1
8,1,13,16,66,1,0,0
2,3,35,5,141,1,1,1
12,8,35,19,189,1,0,1
14,5,78,19,158,1,0,1
17,7,7,15,98,0,0,1
18,1,25,23,158,2,1,0
0,6,35,1,246,0,0,1
5,5,47,19,344,1,0,1
1,8,84,14,236,0,1,1
13,6,27,17,33,1,1,1
5,0,67,0,361,2,0,0
13,7,61,18,241,1,0,1
3,9,79,11,330,0,1,1
7,2,85,7,338,2,0,0
2,1,75,5,275,1,1,0
18,2,79,11,71,1,1,0
13,5,50,6,313,2,1,1
19,2,41,17,216,0,0,0
16,9,28,21,79,2,1,1
7,4,81,13,169,0,0,1
13,5,9,7,298,1,0,0
5,7,38,23,180,1,1,0
15,6,81,19,116,2,1,1
18,7,0,21,260,1,1,1
13,2,38,13,260,2,1,0
18,3,20,4,5,1,0,0
2,5,64,8,297,1,0,0
9,6,14,7,108,0,1,1
18,8,3,1,343,2,0,1
8,0,59,15,360,2,1,0
19,7,60,12,117,1,0,1
12,7,19,6,357,0,0,1
6,5,9,15,331,0,0,0
13,3,86,6,331,2,1,1
8,2,33,13,13,2,0,0
18,2,47,13,142,1,0,0
14,5,32,11,188,2,0,1
19,7,60,0,281,1,0,1
13,6,9,0,115,0,1,1
5,0,53,11,236,2,0,0
3,5,83,19,338,0,1,0
7,6,64,20,10,0,1,1
16,6,76,14,199,1,0,1
8,8,0,3,252,0,0,1
0,9,4,6,50,1,1,1
19,4,79,15,142,1,1,1
13,0,14,2,271,0,1,0
10,1,27,6,16,0,0,0
2,3,22,23,2,1,0,0
8,4,16,21,158,1,1,0
13,8,12,5,30,0,1,1
8,0,13,15,82,1,1,0
3,2,10,23,31,1,0,0
3,4,27,7,236,2,0,0
7,2,41,22,333,2,1,0
1,3,60,21,148,2,0,1
8,2,63,5,177,2,1,0
13,3,30,9,35,2,0,0
8,0,80,15,23,1,1,0
15,7,72,10,106,1,0,0
16,3,9,12,97,2,0,0
15,6,7,5,230,0,0,0
11,1,20,23,227,2,0,0
2,1,76,0,100,0,0,0
10,5,58,20,55,1,0,1
13,1,49,18,195,0,0,0
17,5,68,11,8,1,1,1
4,1,69,23,315,0,1,0
15,3,29,5,128,1,1,0
19,6,16,17,32,1,0,1
4,7,74,12,93,2,0,1
2,2,19,6,7,1,0,0
11,8,47,22,258,2,1,1
0,1,72,12,341,2,1,0
8,7,1,20,220,2,1,1
8,7,36,7,240,0,1,1
3,3,0,20,106,0,1,0
2,0,3,16,36,1,1,0
16,0,53,8,45,2,0,0
1,1,24,19,298,2,1,0
0,8,2,12,309,1,0,1
7,1,8,1,9,2,1,0
12,1,85,3,87,1,1,0
14,5,86,1,331,2,0,1
7,6,75,3,177,0,0,1
11,6,73,17,130,1,0,1
11,8,33,4,195,1,1,1
13,5,42,18,11,0,1,1
14,7,73,9,306,1,0,1
14,5,21,17,122,0,1,0
8,1,69,20,235,2,0,0
18,0,1,9,331,0,1,0
19,4,65,4,31,0,1,1
7,8,31,16,348,1,1,1
18,7,15,21,224,2,0,1
5,3,75,12,153,0,1,1
19,4,0,22,212,2,0,0
18,4,71,16,92,0,0,1
3,5,47,8,331,1,0,1
6,2,49,23,348,0,0,0
3,4,12,11,129,0,0,0
11,1,14,13,197,2,0,0
12,9,52,13,42,0,0,1
2,0,43,7,228,1,0,0
11,0,7,22,194,1,0,0
1,9,73,4,18,0,1,1
1,6,45,18,333,0,0,1
8,1,68,13,243,2,1,0
0,3,18,8,276,2,0,0
7,4,37,6,127,1,1,1
5,6,10,7,75,2,1,1
5,1,42,13,62,0,1,0
17,5,19,21,288,1,1,0
16,0,19,13,186,2,1,0
11,6,20,10,178,1,1,1
5,8,81,13,166,0,0,1
7,4,56,20,183,2,0,1
18,4,49,7,28,0,0,0
9,3,73,2,330,0,0,1
0,2,25,22,247,1,0,0
12,8,29,17,337,1,0,1
16,4,72,2,22,1,1,1
2,7,30,12,96,2,0,1
7,8,41,11,122,2,1,1
13,4,67,14,250,1,1,1
2,9,60,17,308,2,1,1
15,8,60,4,334,2,1,1
12,1,69,6,326,1,1,0
19,8,77,10,137,0,1,1
16,3,67,10,277,2,0,1
12,5,89,14,320,2,1,1
5,5,16,9,332,0,1,0
16,5,18,14,61,0,0,0
13,1,50,12,250,0,0,0
16,6,69,13,95,1,0,1
7,5,62,16,296,0,0,1
10,0,74,12,184,1,0,0
19,1,79,9,260,0,0,1
0,6,29,0,287,0,0,1
6,0,24,0,155,1,1,0
16,0,74,14,186,1,0,0
9,0,70,15,69,0,1,0
10,7,25,11,326,0,0,1
8,3,55,23,261,0,0,1
8,3,21,5,115,2,1,0
4,1,88,5,347,0,0,0
16,0,18,11,8,1,0,0
8,9,30,14,265,2,0,1
16,8,25,3,271,1,0,1
18,6,41,23,249,2,0,1
6,3,40,3,105,2,0,1
8,5,22,1,263,1,0,1
6,1,46,23,224,2,1,0
12,6,12,11,328,1,0,1
10,1,88,6,271,0,1,0
13,9,65,19,165,2,1,1
18,7,65,8,83,1,1,1
10,7,15,8,295,2,1,1
12,0,72,7,134,1,1,0
13,7,27,13,211,0,1,1
12,1,76,0,313,0,1,0
0,5,34,22,92,2,0,1
7,0,40,20,337,2,0,0
11,4,76,22,127,1,0,1
18,6,30,11,191,1,1,1
11,9,84,1,159,2,0,1
7,0,31,12,331,1,1,0
7,1,53,3,335,1,1,0
12,6,71,19,10,1,0,1
11,5,58,17,107,2,1,1
15,2,40,18,87,0,1,0
0,9,65,15,67,0,0,1
12,1,53,13,62,1,1,1
6,9,39,7,146,2,0,1
4,3,27,11,153,1,1,1
7,2,36,8,107,0,1,0
13,6,64,5,148,1,0,1
12,7,73,17,186,0,0,1
14,1,54,1,349,2,0,0
16,9,3,22,342,1,1,1
14,6,9,7,178,2,1,1
19,7,46,23,335,1,0,1
17,5,74,13,266,1,0,1
17,5,13,5,149,1,0,1
1,9,37,9,247,1,1,1
3,0,11,7,254,1,1,0
0,3,44,16,29,2,0,1
3,0,16,11,352,2,0,0
17,3,79,16,266,0,0,1
4,1,34,12,13,1,1,0
18,4,65,18,47,0,0,1
14,9,74,11,151,2,0,1
7,8,40,15,50,0,0,1
19,9,66,4,215,2,1,1
16,2,28,15,132,1,1,0
0,7,17,5,113,0,0,1
11,2,19,10,252,0,1,0
18,5,13,16,341,0,0,0
14,3,33,22,53,0,0,1
8,7,48,13,130,1,0,1
6,5,53,5,324,2,0,1
1,7,30,22,193,2,1,1
8,0,57,10,79,1,0,0
9,5,41,11,57,2,0,1
1,0,57,12,97,0,1,0
18,0,81,3,198,1,0,0
10,7,29,6,135,2,1,1
12,6,24,1,147,1,0,1
9,2,62,5,172,1,0,0
13,5,18,5,63,2,0,1
17,8,71,17,65,2,0,1
18,6,7,19,295,1,1,1
8,2,2,7,211,1,0,0
6,5,66,7,109,2,1,1
2,3,85,7,282,1,1,1
19,2,80,7,172,2,1,0
5,8,16,0,12,1,0,1
1,9,13,1,333,1,1,1
5,1,8,11,220,1,1,0
2,0,61,14,342,2,1,0
15,1,20,3,286,0,0,1
7,6,75,2,172,2,0,1
1,9,36,13,236,1,1,1
16,0,10,21,166,0,1,0
8,5,19,22,187,0,0,0
11,6,34,7,170,1,1,1
2,8,52,12,52,2,1,1
10,7,46,22,319,0,1,1
0,5,74,18,189,0,0,1
12,2,51,21,120,2,1,0
14,7,7,4,105,2,1,1
4,6,3,12,162,0,0,1
16,2,26,19,295,2,1,0
5,8,43,0,41,0,0,1
10,1,39,15,364,1,0,0
17,2,46,22,165,2,0,1
3,1,43,23,321,0,1,0
2,0,47,1,335,2,1,0
12,3,84,6,160,2,1,1
8,4,51,5,264,0,1,1
5,5,83,4,353,1,1,1
11,4,67,3,18,0,1,0
1,0,10,1,173,2,1,0
2,2,76,9,352,0,1,1
2,0,72,21,33,2,0,0
11,4,3,4,261,0,1,1
14,4,75,17,210,1,1,1
8,5,72,9,330,1,0,1
7,7,76,22,164,1,1,1
10,9,47,21,5,1,0,0
15,0,25,14,34,0,1,0
3,3,76,8,280,1,1,1
0,9,38,10,145,0,0,1
6,0,57,20,351,2,0,0
1,8,18,16,71,2,1,1
4,6,87,20,348,2,0,0
6,6,82,8,230,1,1,1
3,4,76,22,125,1,1,1
4,6,76,15,278,1,1,0
0,1,57,5,271,2,1,0
0,3,27,21,357,2,1,0
14,6,65,10,15,2,1,1
19,2,9,22,242,2,0,0
18,1,85,16,153,0,0,0
9,9,76,3,53,0,0,1
17,1,57,14,149,1,1,0
2,0,72,0,358,1,0,1
10,4,13,21,219,2,1,0
14,5,83,19,113,0,0,1
10,5,14,0,288,0,1,1
16,8,32,8,277,1,1,1
16,3,16,11,83,0,1,0
5,0,23,3,218,1,1,0
4,5,29,21,226,2,1,0
7,4,61,12,270,2,0,1
1,9,12,6,15,1,1,1
15,5,61,7,290,2,0,1
19,2,46,12,339,2,1,0
11,1,15,10,265,0,1,0
5,5,65,8,199,0,1,0
0,0,80,23,158,0,0,0
3,6,42,15,333,0,1,1
16,6,7,9,207,0,0,1
12,9,2,10,174,1,1,1
17,6,11,11,184,1,0,1
4,9,83,13,265,0,0,0
2,0,15,18,246,2,0,0
10,3,77,11,36,2,1,1
12,6,79,17,259,1,1,1
3,8,58,20,19,1,0,1
13,4,48,16,23,1,1,1
10,1,62,2,104,2,1,0
9,6,61,0,241,1,1,1
18,9,48,18,361,2,0,1
17,0,50,3,204,1,0,0
5,6,32,22,253,2,1,1
14,5,29,15,142,1,0,0
9,6,58,11,302,1,1,1
4,9,75,20,143,2,1,1
4,2,14,20,271,1,0,0
9,2,81,12,307,0,0,0
4,6,22,16,110,2,1,1
2,1,77,7,8,1,1,0
5,0,44,12,69,2,1,0
3,8,61,19,190,1,0,1
17,8,78,4,179,0,0,1
8,6,70,17,63,1,1,1
16,6,14,14,68,1,1,0
12,2,45,11,206,0,0,0
14,9,63,16,6,2,1,1
19,1,45,14,119,1,0,0
16,6,55,1,313,1,0,1
